id,timestamp,user_id,name,email,age,salary,department,experience_years,performance_score
0,2025-03-16 14:42:25.543122,bdd640fb-0667-4ad1-9c80-317fa3b1799d,Michael Stephens,amy29@example.com,46,79164.17436892001,HR,12,3.5519408231731906
1,2025-12-11 14:42:25.543143,23b8c1e9-3924-46de-beb1-3b9046685257,Heather Sanders,patricia00@example.org,32,65640.59404338754,Sales,19,3.0607006813349265
2,2026-01-25 14:42:25.543145,bd9c66b3-ad3c-4d6d-9a3d-1fa7bc8960a9,Bryan Charles,ksmith@example.com,60,104655.74720696567,Sales,25,3.3741542764925887
3,2025-09-19 14:42:25.543147,972a8469-1641-4f82-8b9d-2434e465e150,Matthew May,bsmith@example.org,25,102715.69052736468,Engineering,21,4.174975401522065
4,2025-10-04 14:42:25.543148,17fc695a-07a0-4a6e-8822-e8f36c031199,Alison Buchanan,nicoleturner@example.com,78,90661.02486350553,Finance,6,3.5864236536914404
5,2025-10-15 14:42:25.543149,9a1de644-815e-46d1-bb8f-aa1837f8a88b,Cameron Cunningham,penajohn@example.com,38,82576.04104069807,HR,1,1.6990937713095087
6,2025-11-27 14:42:25.543150,b74d0fb1-32e7-4629-8fad-c1a606cb0fb3,Phillip Clark,brettgarrett@example.net,56,39946.61264085818,Marketing,5,2.4430900764423993
7,2025-12-16 14:42:25.543151,6b65a6a4-8b81-48f6-b38a-088ca65ed389,Sergio Murphy,rubendavis@example.org,75,50243.499201697545,Sales,6,4.623564419151041
8,2025-02-25 14:42:25.543152,47378190-96da-4dac-b2ff-5d2a386ecbe0,Steven Smith,lewischristian@example.net,36,107800.7053441732,Sales,25,4.079778801006716
9,2025-05-03 14:42:25.543153,c241330b-01a9-471f-9e8a-774bcf36d58b,Brianna Anderson,aprilwallace@example.org,40,89775.71901824417,Marketing,13,3.226548231746869
10,2025-12-24 14:42:25.543154,6c307511-b2b9-437a-a8df-6ec4ce4a2bbd,Christopher Guerrero,lisa62@example.com,28,107800.95372612096,HR,25,2.022579991237089
11,2025-04-10 14:42:25.543155,371ecd7b-27cd-4130-8722-9389571aa876,Adrian Tyler,perezchristopher@example.org,28,162554.62981309442,HR,17,2.20824200733918
12,2025-07-05 14:42:25.543156,1a2a73ed-562b-4f79-8374-59eef50bea63,Franklin Thompson,edwardsnicole@example.org,41,92417.81021386334,Finance,14,3.927832270342538
13,2026-01-21 14:42:25.543157,5be6128e-18c2-4797-a142-ea7d17be3111,Patrick Fox,wayala@example.org,70,84211.31280361197,Finance,1,4.404697043411083
14,2026-01-22 14:42:25.543158,43b7a3a6-9a8d-4a03-980d-7b71d8f56413,Karen Strickland,caseyelliott@example.net,53,92580.03526986405,Engineering,9,3.6856986781224577
15,2025-12-21 14:42:25.543159,759cde66-bacf-43d0-8b1f-9163ce9ff57f,Ashley Gordon,scottbowen@example.net,57,106027.82502611596,Sales,22,4.238119903073767
16,2025-10-18 14:42:25.543160,ec1b8ca1-f91e-4d4c-9ff4-9b7889463e85,Amanda Logan,samanthajensen@example.com,41,70194.6151071931,Finance,11,4.066624540801624
17,2025-10-10 14:42:25.543161,4b0dbb41-8d52-48f1-942c-3fe860e7a113,Kelly Ellis,christophergarcia@example.org,20,99179.38440986535,HR,16,1.598815871827831
18,2025-05-24 14:42:25.543161,e2acf72f-9e57-4f7a-a0ee-89aed453dd32,Amy Mendoza,bbell@example.com,39,55043.495709248564,Marketing,7,2.695779251653208
19,2025-04-04 14:42:25.543162,3139d32c-93cd-49bf-9c94-1cf0dc98d2c1,Michael Henry,johnnewman@example.org,70,70263.62786519981,HR,10,1.6119352033142507
20,2026-01-24 14:42:25.543163,a9488d99-0bbb-4599-91ce-5dd2b45ed1f0,Angel Miller,kimberly04@example.org,19,92292.72904341793,Sales,28,1.9409423392079392
21,2025-04-25 14:42:25.543164,fc377a4c-4a15-444d-85e7-ce8a3a578a8e,Ana Hill,juliephillips@example.org,41,64637.482787726454,HR,2,4.477038498604211
22,2025-10-28 14:42:25.543165,ddd1dfb2-3b98-4ef8-9af6-1a26146d3f31,Kimberly Nguyen,troyrodriguez@example.com,61,145293.17133347018,Engineering,26,2.8915678625327286
23,2025-03-11 14:42:25.543166,7412b293-4729-4739-a14f-f3d719db3ad0,Kerry Chavez DDS,ricetiffany@example.com,47,30154.696148165036,Sales,5,3.1414324073706434
24,2025-02-12 14:42:25.543167,29a3b2e9-5d65-4441-9588-42dea2bc372f,Michael Farrell,david96@example.com,55,85725.20380749027,Marketing,8,1.7137838609110885
25,2025-05-03 14:42:25.543168,ab9099a4-35a2-40ae-9af3-05535ec42e08,Patricia Le,kathrynbest@example.org,19,35245.682576206964,Engineering,5,2.249087144195184
26,2025-07-07 14:42:25.543169,aefcfad8-efc8-4849-b3aa-7efe4458a885,Jesse Perez,matthewsalexander@example.org,77,62561.36268421133,Sales,8,1.9209846737114797
27,2025-10-17 14:42:25.543170,a28defe3-9bf0-4273-9247-6f57a5e5a5ab,Jesse Perry,livingstonstacy@example.com,38,90779.01193934731,Marketing,6,1.8247446580737057
28,2025-06-22 14:42:25.543171,3eabedcb-baa8-4dd4-88bd-64072bcfbe01,Jeffery Ortega,courtney86@example.com,50,73285.60038190926,Engineering,8,3.5518431732638804
29,2025-04-11 14:42:25.543172,451b4cf3-6123-4df7-b656-af7229d4beef,Christian Leblanc,imiller@example.net,29,63945.104441413874,Engineering,17,2.0275353905828593
30,2025-09-17 14:42:25.543173,b02b61c4-a3d7-4628-ace6-6fa2fd5166e6,Ronald Davis,joshuacollins@example.net,75,62193.925814800634,Sales,11,3.528061944081674
31,2026-02-03 14:42:25.543173,5304317f-af42-412f-b838-b3268e944239,Parker Cain,terrimoore@example.com,39,84091.95497869351,Finance,7,1.2338184564342156
32,2025-11-17 14:42:25.543174,0e51f30d-c6a7-4e39-84b0-32ccd7c524a5,Laurie Hoffman,wwillis@example.net,78,55892.66736565727,Engineering,7,1.5670975741084074
33,2025-02-14 14:42:25.543175,ce177b4e-0837-48a3-9261-a7ab3aa2e4f9,Bryan Gomez,collinssamuel@example.org,61,89829.1717916395,Engineering,17,2.0981610160005015
34,2025-07-05 14:42:25.543176,10f1bc81-448a-4a9e-a6b2-bc5b50c187fc,Nicole Parrish,sanchezsandy@example.org,42,101411.43679807628,Marketing,27,3.3881876675827667
35,2025-08-16 14:42:25.543177,9132b63e-f162-47e4-a9c3-49e03602f8ac,Tracy Burke,dsalazar@example.com,66,90467.99304788366,HR,29,3.703364980349504
36,2025-09-17 14:42:25.543178,366eb16f-508e-4ad7-b7c9-3acfe059a0ee,Kenneth Lewis,davidzimmerman@example.net,44,131378.8817865065,Sales,19,2.7708678671181084
37,2025-11-19 14:42:25.543179,e27a984d-6548-41d0-bfcd-9eb1a7cad415,Courtney Rodriguez,martinstephanie@example.net,76,116178.38044636023,Sales,29,2.783163658308916
38,2025-10-19 14:42:25.543180,24933b83-7577-40a9-a491-f0b2ea1fca65,Holly Farmer,gary24@example.net,59,40497.14826684786,Finance,14,3.8980674055944724
39,2025-08-18 14:42:25.543181,beb79919-3f22-4af8-a3be-d01d43cf2fde,Renee Bruce,wiseanthony@example.com,45,102729.08629538855,Finance,26,1.0632843670623298
40,2025-12-16 14:42:25.543181,bf3c4c06-4343-48bc-89fa-6a688fb5d27b,Sabrina Austin,alexandria49@example.net,77,55764.27070463224,Sales,6,2.364360097896882
41,2025-12-21 14:42:25.543184,956269f0-e5d7-4875-adad-d6c795a76d79,Allison Hickman,crawfordwilliam@example.org,33,92048.66669592448,Finance,10,4.274828228476931
42,2025-07-27 14:42:25.543185,ff50bde4-3825-47b8-9cab-cc97663f1c97,Debra White,kvillarreal@example.com,32,72649.58523134599,Marketing,19,3.412877640853489
43,2025-12-19 14:42:25.543186,7e570ddf-8270-40a8-a369-b584ff5e9ff0,Ellen Morgan,jonathangarcia@example.net,79,80205.27117066202,Sales,15,2.3489085310216815
44,2025-08-07 14:42:25.543186,dc713d96-0c0f-4195-817a-f08a1745d6d8,Sergio Knight,perezwilliam@example.org,79,74599.74557960914,Finance,3,4.6220991693186955
45,2025-08-14 14:42:25.543187,28f49481-a0a0-4dc4-a720-9bdf1c11f735,Charles Schultz,sanchezthomas@example.com,64,84815.10388340242,Sales,5,4.090490909797531
46,2025-04-03 14:42:25.543188,98ae4334-6c12-4ce8-ae34-0454cac5b68c,Paul Lewis,haroldhorne@example.org,79,73494.07185888448,HR,25,2.0595817889469337
47,2025-09-24 14:42:25.543189,988c24c9-61b1-4d22-a280-1c4510435a10,Glen Wood,pwalker@example.com,68,84809.97528318103,Engineering,21,3.5811593501028676
48,2026-01-15 14:42:25.543190,405cacec-8774-49a9-b7d2-1e02ff01cf99,Paula Bradley,joseph19@example.com,61,88001.09377678088,Sales,25,3.3830029127558268
49,2025-06-16 14:42:25.543191,f143262f-dc5c-4eed-8da0-365bf89897b9,Anthony Moore,shawrachel@example.org,72,49933.41534852576,Engineering,2,2.6047516561559307
50,2025-05-08 14:42:25.543192,1d53434b-b881-49b9-ae27-0da702f06b90,Megan Nelson,lindajarvis@example.com,69,107309.08480562194,Finance,8,2.4678243168192027
51,2025-12-05 14:42:25.543192,c0398710-8976-4334-a281-7efdae849217,Karla Ramos,wileymichelle@example.com,74,108599.63421921911,Engineering,27,2.374241899102816
52,2025-07-28 14:42:25.543193,5715bd6f-a416-4293-84c2-e2e3444ea7c8,Paul Wilson,christopher70@example.com,20,48282.320913299096,Sales,9,3.4686231335825872
53,2025-12-28 14:42:25.543195,287d06ca-6f4c-469a-8b22-d3081c8eaee9,Douglas Gregory,kellymueller@example.net,54,97857.23894109552,HR,13,2.769639745922678
54,2025-04-30 14:42:25.543195,b8db0672-f42d-47cc-80d4-af5974273ca3,Mr. Andrew Foster,stevenvargas@example.com,68,117443.12394025267,Finance,10,4.327452453005688
55,2025-09-09 14:42:25.543196,f8cda88b-436d-46e2-b83c-fe0be037e5ed,Aimee Turner,jessicapayne@example.org,24,106149.30521102293,Sales,17,3.6784104645358475
56,2025-03-22 14:42:25.543197,81f76d1c-2dbc-4134-830f-f46e8026695f,Chad Scott,adamortiz@example.org,38,61112.60068091973,Finance,21,1.2797264228377365
57,2025-03-27 14:42:25.543198,a013ac6e-deda-4e16-9b3d-bd5ce9a1fa6f,Adam Burgess,cynthia05@example.org,26,66815.31854267497,Marketing,11,3.5606728953126643
58,2025-08-05 14:42:25.543199,81f631d4-a392-41a7-9777-a4774c66e0a8,James Padilla,usweeney@example.com,56,118338.22298373246,Engineering,22,2.084589746000739
59,2025-04-17 14:42:25.543200,5fb8d16c-2720-497d-b2eb-d6899be578c7,Sandra Drake,harristonya@example.com,35,62346.61068762439,Marketing,11,3.3712479666136907
60,2025-10-31 14:42:25.543201,f4188f3f-8a14-4e62-a95b-4715c333e861,Scott Williams,jwoodward@example.net,21,86876.38856292456,Sales,12,3.7205277244138055
61,2025-02-11 14:42:25.543202,eb2263dd-87c5-421e-ac24-a3c5c754108f,Thomas Atkins,christopher38@example.com,42,111492.68106858674,HR,24,1.9233167566160483
62,2026-01-02 14:42:25.543203,7d154385-52fb-443b-9954-6eb400257ad1,Laura Mckinney,stephen19@example.org,77,59461.39056843834,Finance,12,2.8274345795214746
63,2026-01-14 14:42:25.543204,5cec4eb5-edd9-4831-9ca3-5cfb04fc6d82,Brian Smith,danafoster@example.net,31,85809.492878764,Engineering,18,1.7612994512762712
64,2025-03-05 14:42:25.543205,ce88cb2d-d4e8-4839-bc3e-058be0f3eab0,Robert Montgomery,grahamtamara@example.org,67,32674.65319861855,Finance,25,1.2093555031460332
65,2025-10-13 14:42:25.543206,3da9c2a9-0ed4-4f1a-bd4c-bf374eb93eff,Tamara Davis,jose56@example.net,75,66512.2471733142,Sales,18,2.5139056939434763
66,2025-09-11 14:42:25.543207,14296c07-f26b-4776-913e-4de2e0c53cb8,Dana Chapman,louis43@example.org,26,87948.6369721368,Finance,22,2.451777087383968
67,2025-12-28 14:42:25.543208,d0e6e660-7c69-4ee1-bb5e-4bcf15ed6269,Jennifer Collins,derekcarrillo@example.org,43,54544.33636070301,Engineering,13,4.981921962817028
68,2025-10-10 14:42:25.543209,885f6e66-c2b6-42c5-ba5d-310011b7e948,Gary Jackson,danielcole@example.com,70,97148.22607863271,Sales,3,2.7854094047905686
69,2025-12-17 14:42:25.543209,a8e56e0c-20de-435d-a031-d750c40db9b4,Ashley Hicks,wmartinez@example.org,19,49397.17244078735,Finance,12,2.3342781978888016
70,2025-07-27 14:42:25.543210,2a45c2ab-8cbf-4db0-b264-accc79ac1b1e,Hannah Luna,qparker@example.org,37,61699.11026606032,HR,7,3.3219000268666985
71,2025-09-17 14:42:25.543211,9b49bd26-df57-459a-8715-a10343dac043,Robin Young,mooregina@example.net,45,104614.81154572184,Sales,28,1.3550695764310738
72,2025-06-19 14:42:25.543212,edcd465e-3638-4821-b6e0-7cc06c52c49f,Craig Morrison,lewismelissa@example.org,64,121825.4657813223,Sales,22,4.846662943819252
73,2025-03-18 14:42:25.543213,b09b2a5c-badc-432a-8159-0f538a0f4efb,Mary Thompson,dawsontanya@example.com,77,61282.75697641121,HR,20,3.5398401823641326
74,2025-08-04 14:42:25.543214,66245bfa-4fcc-439a-b683-d2e6337ea2df,Kathleen Webster,byrdjorge@example.org,24,116263.27504309919,Marketing,22,4.0193512797633915
75,2025-11-15 14:42:25.543215,5f987c71-a65e-488e-abf3-ad39fec21bbe,Joann Glass,cranemelissa@example.net,61,87204.66122039175,Engineering,18,1.6819117526956702
76,2025-08-01 14:42:25.543216,7394988f-847f-49b4-a64d-1bcb702753a1,Madison Weber,codygarcia@example.org,78,56869.82697904098,Marketing,11,2.6379114120208156
77,2025-08-09 14:42:25.543218,1064005c-3985-43cf-bf76-be1d1efa2197,Lori Hernandez,smithmaria@example.org,25,94742.06948526541,Finance,17,2.690756453584758
78,2025-10-22 14:42:25.543218,8dcdcd03-969b-4662-8562-8059568cc69b,Jeremy Turner,jamesmorales@example.net,64,71481.1939114694,HR,5,4.287225775604347
79,2025-02-28 14:42:25.543219,01d74256-3860-4ab6-96a4-02f23ae8cc93,Anthony Romero,aguilarjonathan@example.org,52,73495.66245682411,Marketing,17,1.0049467190376378
80,2025-09-23 14:42:25.543220,0f1259e0-a18f-46b6-b535-106e122c9a56,Jesse Brown,osbornjames@example.net,31,88396.04169980038,Sales,18,2.2034124334130203
81,2025-02-12 14:42:25.543221,080aadfb-e7c9-4b26-9141-25c63a9bedd4,Angela Lin,flamb@example.com,34,83793.7280627648,Finance,21,4.924945497377216
82,2025-02-22 14:42:25.543222,839fbc50-1223-4513-9496-f63cdc1110c1,Lisa Hunter,williamssteven@example.org,53,68270.34690502496,Finance,4,2.8995461740248745
83,2025-03-12 14:42:25.543223,7c441fe7-ab42-40a7-874a-493b3ceddf2d,Julian Conner,zunderwood@example.com,67,107742.61349042093,Marketing,23,2.530105120976033
84,2026-01-01 14:42:25.543224,b92da22b-21df-406f-8a0b-3c3336d8393a,Joanna Pacheco,reyesronald@example.com,57,103720.33632290704,Marketing,8,1.4793160080705854
85,2025-04-01 14:42:25.543225,93829b43-922f-415a-a1e3-db63ef7ddc76,Erica Alvarez,rebekahhill@example.com,21,74243.69002346302,HR,26,4.896658514512062
86,2025-03-18 14:42:25.543226,7914c120-c8dc-419f-be35-11287900f7f9,Antonio Garcia,austinharvey@example.org,19,105660.66749312534,Engineering,2,1.0801054237032979
87,2025-11-11 14:42:25.543226,1825bc54-30be-445f-a835-14f2ceb81f9d,Gwendolyn Klein,victor87@example.org,79,61458.24400954996,Marketing,27,3.9487209000289725
88,2025-05-09 14:42:25.543227,5ab33edf-6e59-4ed3-a8b3-17fa18d0752b,Carrie Wright,ramirezderrick@example.org,23,70464.29809928834,Marketing,9,4.074399219154033
89,2025-10-04 14:42:25.543228,dd2467ac-778e-4db3-a93d-ffbc6c6fa611,Jeffrey Mills,crystalpham@example.org,71,98766.34412969153,Sales,18,1.9746268642554665
90,2025-11-15 14:42:25.543229,a748dbcf-ac61-4e63-8dde-29a6baa4b71a,Jake Campbell,wcasey@example.com,59,68619.83735470065,Finance,2,3.686233774452149
91,2025-06-15 14:42:25.543230,0f844fef-1931-49ee-a56c-0941fbf24050,George Harper,kcooper@example.net,21,89546.00960358811,Engineering,28,1.3717165775175597
92,2025-07-27 14:42:25.543231,ccf3a171-56dc-4907-ba6c-34ab6712303a,Maria Jones,paul20@example.com,71,97837.5549928545,Sales,28,2.0281890657283195
93,2025-09-21 14:42:25.543232,310c0c00-3fa7-4104-9bf9-0e27dc96925e,Michael Mitchell,anthonycochran@example.com,46,81639.98130682335,HR,21,4.15160795316906
94,2025-03-16 14:42:25.543233,23e2fcb4-72d8-467d-894a-05e430b187ef,Mary Escobar,stokesthomas@example.com,35,69212.70486111577,HR,14,4.458744768134161
95,2025-02-19 14:42:25.543233,766ecb15-474e-4c19-aef9-12766c006f61,Felicia Aguilar,terrigarcia@example.net,43,76992.04194042049,Marketing,0,3.4339456506391652
96,2025-04-27 14:42:25.543234,134c6c92-ec5b-427c-9fde-4fbf3ff350bf,Gregory Ponce,josephvelasquez@example.net,61,76140.30971930095,Marketing,6,3.0273537272819304
97,2025-10-17 14:42:25.543235,db20a56e-dc81-4fe7-8eda-8bbb71710434,Jenna Larson,gallagherstacie@example.net,51,62641.80809478692,HR,11,1.6372160824759212
98,2025-02-21 14:42:25.543236,a6f2f7b8-0cf3-4b58-9910-8be58ce21ea3,Emily Bennett,lkelly@example.org,27,101991.99750866502,Marketing,16,1.2524361323166007
99,2025-08-24 14:42:25.543237,03c72ba8-d605-4770-8a63-f881ffd0f9d5,Robin Santiago,brittanydrake@example.net,79,109645.99041753219,Engineering,29,1.4705961138942345
100,2026-01-09 14:42:25.543238,c0e9ab30-ed26-42e9-97e0-11b7f8102383,Nancy Jennings,robin05@example.net,53,106257.2423767792,Marketing,20,1.9094292003843951
101,2025-10-12 14:42:25.543239,680ac07a-2a93-4d62-bc83-5dc0d9441fa5,Maria Henderson,annalopez@example.com,31,110092.57683847225,Finance,25,2.3666980075876833
102,2026-01-21 14:42:25.543239,dd59ba71-36b8-4481-bb3a-4e3e7c52fa17,Jack White,gregory01@example.org,48,85420.09978155856,Marketing,28,2.523638102043949
103,2025-08-29 14:42:25.543240,2a25a888-0f02-4ad0-a706-7ef466aa9385,Travis Tucker,carolynsmith@example.com,65,83296.37919606062,Sales,23,2.385287074356014
104,2025-07-16 14:42:25.543241,63f2ae24-fc3d-4348-808d-4127610461e3,Chad Jones,riverachristina@example.org,32,103445.87210246523,Engineering,19,1.9562213287890624
105,2025-09-22 14:42:25.543242,c8fe3ccd-c8b8-49c6-ad30-49cf43e458fc,Ashley Wise,jennifer50@example.org,25,78207.4053086693,Sales,4,3.0388969870067926
106,2026-01-04 14:42:25.543243,b253d218-6c4a-47ea-8906-17f2747b6dba,Sophia Johnson,brendastark@example.org,31,64081.968120717036,Sales,3,4.301144432931587
107,2025-10-21 14:42:25.543244,c88a618e-fed4-457d-bb02-6576f512c4c3,Ralph Anderson,susan56@example.net,40,102846.54766617564,Finance,27,2.118814153885917
108,2025-04-22 14:42:25.543245,7c967f79-b7e9-4aca-a970-65e18e46d534,Christopher Guerra,rogersmarcus@example.org,77,102053.29791576849,Engineering,11,4.769548076408933
109,2025-08-29 14:42:25.543246,37bb3eec-4bf5-4b52-b09d-258c27a0c3d7,Rhonda Martin,fconner@example.net,74,91668.57222328341,Engineering,29,4.493346646895391
110,2025-10-21 14:42:25.543247,bc594585-9445-48c0-8ef8-c2d6f7fd5646,Jason Rhodes,grant89@example.com,79,99441.94762340076,Engineering,19,1.6470568454084384
111,2025-03-08 14:42:25.543248,504867ba-bf7b-439b-8f9a-ea4b8acd4e10,Jeremy Mitchell,elizabetholsen@example.com,57,96456.14695132212,Engineering,27,4.145103827028378
112,2025-05-27 14:42:25.543248,7a0ecfea-958c-49ba-8cd6-20c20ea2622b,Joann Ferguson,jessica42@example.org,38,90146.3759354556,Engineering,23,3.2983495292710665
113,2025-07-19 14:42:25.543249,87f7e1fb-da4b-49ca-ab5c-f46780bacd64,Robert Harrison,rushstacy@example.com,33,107475.5370397438,Finance,17,3.2663014486856743
114,2025-03-14 14:42:25.543250,82010c62-f5f5-4b22-8e8f-a8e0284d82e5,Holly Valentine,whitelucas@example.net,62,100508.3269797606,Marketing,16,2.5641710522326977
115,2025-06-17 14:42:25.543251,118a9d29-2f92-4996-99f1-95d014822f53,Mrs. Diane Reyes,daniellegarcia@example.com,35,103270.19272001277,Sales,18,3.004611996728039
116,2025-11-25 14:42:25.543252,dca02eec-acda-4acc-9165-e21098543881,Tracy Montoya,markmiller@example.com,64,98109.57614308658,Engineering,8,2.588715109716844
117,2025-09-24 14:42:25.543253,f10c718b-1eb0-438a-a75d-d5af3c365296,Brenda Wright,gary15@example.com,70,64920.076832655184,Marketing,3,3.1589304750397713
118,2025-11-27 14:42:25.543253,94340a03-3f07-4814-91d6-3f78e3e9de99,Shelly Spencer,bakerjohn@example.org,41,111139.05942589928,Marketing,25,3.5118002110905433
119,2025-10-03 14:42:25.543254,14fcdd54-9e8f-4965-8a2c-827e98326856,Ryan Rosales,jonathan10@example.org,43,83794.66486813087,Sales,20,3.6972152256361936
120,2025-04-25 14:42:25.543255,90b2b633-956b-4c0c-a849-9b926b5252e3,Phillip Nelson,akim@example.org,42,67983.32704976884,Finance,1,3.1299247702377047
121,2025-05-07 14:42:25.543256,42c18a62-ef48-48d5-90fd-9d3f85d51695,Brittany Kim,ysnyder@example.com,77,61897.13891264631,HR,3,3.885688269314927
122,2025-09-25 14:42:25.543257,506e5a9a-b758-488d-ab73-295b344a54b8,Courtney Hayes,egarcia@example.net,77,63439.919299854366,HR,1,1.5651121971020232
123,2025-04-13 14:42:25.543258,21813d25-6552-48a6-83ff-50113d1a85dd,Alexander Brown,franciscojones@example.org,77,92903.14050873827,Marketing,14,1.8479299636089541
124,2025-07-02 14:42:25.543259,750cab75-4ccc-4bc2-a53f-8a28abf3e3fc,Cynthia Vang,andrew41@example.org,62,45135.58633533055,Sales,1,4.27494001629708
125,2025-04-14 14:42:25.543259,ef8c485b-c07a-40f2-add4-253b50f0fd0a,Alfred Galvan,george62@example.net,58,106347.7455137092,HR,3,2.2901119113856607
126,2025-07-17 14:42:25.543260,9f044aed-7552-4327-8262-7f7312922f83,Marie Moody,paynerachael@example.org,46,47379.65237000596,Marketing,5,1.091575299904481
127,2025-08-05 14:42:25.543261,19985f15-ff00-4d4d-9020-59e4ff9ab5c2,Dustin Gallegos,brooke97@example.net,32,44716.227744245356,Finance,6,1.6151645986721244
128,2025-10-17 14:42:25.543262,8181a8cc-3691-47eb-89a2-688b12c136e0,Brenda Thornton,reynoldsdesiree@example.net,62,96662.21747000136,HR,9,1.894457737985245
129,2025-11-28 14:42:25.543263,5958a499-eeea-463e-a1e8-ac6843e42caf,Aaron Miller,gmoore@example.com,18,102833.25387925871,Marketing,18,4.829291551578349
130,2025-05-22 14:42:25.543264,3e896c64-e117-4ac3-919c-4ea3e1805081,Ruben Dunn,terriortiz@example.net,42,99482.3963410431,Marketing,18,3.2921657157233972
131,2025-05-30 14:42:25.543265,702cdd20-2862-48b8-88f4-ef125e9953d2,Kelsey Rodriguez,donna43@example.org,24,110066.9101852856,Engineering,25,4.730922961905019
132,2025-12-22 14:42:25.543266,4d71c366-b41b-4143-8b10-550cd5704f32,Eric Williams,longandrea@example.com,26,91255.06454306172,Finance,21,3.3006534019864997
133,2026-01-13 14:42:25.543267,ce9e1a11-fcbb-4e59-bbdd-cf7c9c96e9ec,Riley Bryant,briansmith@example.org,41,84054.91257028337,Engineering,28,2.917417760551407
134,2025-12-12 14:42:25.543268,aaf91531-0200-41f0-8768-a84fa76afde6,Taylor Carlson,madison97@example.org,18,78016.09116387452,Sales,11,2.254910764776384
135,2025-11-20 14:42:25.543269,ee87905e-4ca4-45ea-8dfa-6a56d12dbc9a,Jose Allen,johnsongeorge@example.com,61,49456.76576975777,Engineering,2,3.4254837777335023
136,2025-03-22 14:42:25.543269,e0ccedc5-f05d-476e-9a84-a51aa9d3d7c7,Jeffrey Mendez,wellsdarrell@example.com,25,97502.39466835503,Engineering,12,1.5567920984701193
137,2025-11-17 14:42:25.543270,e3c43657-1d8c-4bac-83b4-09ef2260e70f,Jason Beck,qburns@example.com,41,82558.85236995723,HR,17,4.593046509170824
138,2025-02-23 14:42:25.543271,27cb6f2a-8da0-4097-be0f-051b1b66b5a9,William Jones,maypaul@example.com,28,53990.05606414977,Marketing,7,4.317329620565134
139,2025-07-05 14:42:25.543272,35ebd32d-9ad6-40ab-8821-2ddb45b89cd9,Katie Mcneil,cwood@example.org,68,83572.28316694013,Finance,20,2.270125791506948
140,2025-04-07 14:42:25.543273,afffcfd2-341e-440b-97c7-00aab7b56ea7,Jeanette Harrison,scott43@example.com,34,89258.62908551248,Engineering,14,4.811190110405177
141,2026-01-05 14:42:25.543274,81627cf1-4394-42e6-9a58-7e8aa25d6b29,Veronica King,hernandezheather@example.org,25,48725.508943920504,Finance,0,4.3008030696622725
142,2025-07-24 14:42:25.543274,e87d1c78-e7c4-41c7-8049-7b717d106c60,Richard Cooper,barnettlindsey@example.com,52,46555.59208867137,Engineering,2,3.665227543340159
143,2025-07-26 14:42:25.543275,a2607723-17a0-4f49-8d01-280fd89a40c0,Lori Ingram,angelarandall@example.net,52,102373.74422983825,Sales,25,1.4870476445010992
144,2025-04-07 14:42:25.543276,0b49452d-46d4-43f3-9450-281c6c6f7633,Evelyn Williams,rsheppard@example.com,50,75399.33142217447,Engineering,7,2.912936092192289
145,2025-06-12 14:42:25.543277,217d65a0-c568-41cd-9563-f61600e85ece,Robin Thompson,thomasmiller@example.net,76,54361.1364925774,HR,3,3.0244302193870034
146,2025-05-12 14:42:25.543278,295d6fbf-430f-401d-bad4-09e2a319dcb4,Julie Dominguez,shawrachel@example.net,22,73079.23388763354,Marketing,15,1.9302054334615204
147,2025-10-01 14:42:25.543279,b4a69f3c-8d3a-4d99-b11c-21c9bdc14f1f,Robin Brown,davidtodd@example.org,59,108140.99874715273,Sales,29,1.3198615774372078
148,2025-04-29 14:42:25.543279,1ca3c448-0279-46a6-8f97-97b06d7ce3c9,Judith Carter,teresastokes@example.org,56,64038.313170053516,Engineering,22,4.106894521886771
149,2026-02-01 14:42:25.543280,b0e6a969-e213-42b0-b1ee-dba313432e61,Curtis Williams,hendersonvanessa@example.com,75,45350.72451246889,Finance,9,1.48814020849758
150,2025-02-23 14:42:25.543281,093923de-8bab-4e3b-a628-6bfbe767dcea,Kaylee Hays,wendyburton@example.net,58,62131.11557495128,Sales,11,3.377163002247099
151,2025-12-10 14:42:25.543282,8d7248e2-951f-48d0-9e84-f058d5a804eb,Dawn Mullins,luis11@example.com,45,75231.05696576305,Sales,13,4.745796695534642
152,2025-02-22 14:42:25.543283,0ab54bde-20a0-4502-ae06-809725e97977,Howard Norman,rarnold@example.net,24,85718.15131196009,Engineering,13,4.50442077039217
153,2025-05-08 14:42:25.543284,eededb07-e623-4689-9d59-cd2a4eea04e7,Evelyn Martinez,astark@example.net,26,91007.12433899104,Sales,1,2.1110104949970445
154,2025-09-23 14:42:25.543285,0a368ce7-dc57-4131-b8e1-daa7cbceabde,Steve Paul,jrodriguez@example.org,25,110153.19246404039,Finance,22,4.405794550205061
155,2025-03-15 14:42:25.543285,ae9bec36-35c7-436c-9b99-62c6e61fecc0,Jasmine Beltran,buckleyanna@example.org,29,62801.229400731456,Sales,4,1.0013300244819576
156,2025-08-16 14:42:25.543286,5a8aaeca-1a50-4ec3-aabc-25fa3fe12e47,Jonathan Glass MD,mikayla56@example.com,51,65619.67584194621,Finance,4,1.0707512384530289
157,2025-12-11 14:42:25.543287,dfed2c43-e256-46dc-8f54-86b7c7b5b2bc,Monica Miller,kpena@example.net,50,47449.41270724383,Engineering,5,3.41021265537146
158,2025-09-09 14:42:25.543288,bfddc3d9-9ee3-4c2a-b94d-62046808593f,Samantha Gardner,rjohnson@example.com,65,77629.7372801522,Marketing,12,2.459192876578118
159,2025-06-29 14:42:25.543289,3c9ad14c-ee0c-4eb5-acfe-db992790cebd,Bobby Guerrero,christinebecker@example.com,72,66226.82722159722,Sales,8,2.5458433646365886
160,2025-11-18 14:42:25.543290,ccc56569-f9e8-4369-a999-b735dd56cc94,Lance Simmons,fosternatasha@example.net,40,109954.37120676179,Marketing,29,3.25776436271553
161,2025-06-19 14:42:25.543290,698c206f-e1a4-4e10-ad53-4dd0cf8ebc5a,Heather Williams,brandonalvarez@example.com,79,74955.38112895354,Finance,21,1.7671298223674423
162,2026-02-05 14:42:25.543291,ecab3301-bc8f-4d29-adea-94930658663a,Heather Bolton,andrew44@example.com,41,110886.93028482345,Sales,27,1.8470214026619134
163,2025-09-25 14:42:25.543292,696608aa-ee49-4329-884a-7b28550a1b46,William Gould,rgarrison@example.org,54,132654.77826005156,HR,28,2.9384063480754588
164,2025-05-26 14:42:25.543293,bc2cbb0d-dd33-4cc7-ab7f-089acd5f4822,Mark Cox,dennismccann@example.com,52,78824.79703086286,Marketing,14,4.017014177375453
165,2025-11-07 14:42:25.543294,28c13091-444d-410b-bf87-e362cf8d446a,Meghan Cisneros,joseph69@example.net,61,87534.23444197883,Sales,13,3.4779910056303507
166,2025-05-23 14:42:25.543295,61ee411a-1bac-47a7-b386-f7a4c991603f,Lawrence Harrington,lopezjason@example.com,57,108302.87983422226,Marketing,23,2.1894201929473556
167,2025-12-14 14:42:25.543296,787f2425-dbcc-4477-89e9-db0adf465290,Austin Osborne,xmalone@example.org,39,60975.59056228327,Sales,6,2.721348710035685
168,2025-03-23 14:42:25.543296,eb1fa9f2-d10b-41d0-b317-347038f16a81,James Bradley,cameronmckinney@example.com,44,100481.84963620834,Engineering,24,1.6826590341999936
169,2025-09-07 14:42:25.543297,d20eac17-4e20-4d1a-9983-36e375d66ed4,Meghan Rush,kimberlywarren@example.net,52,88751.8480156359,Marketing,19,1.2985192573483268
170,2025-03-16 14:42:25.543298,39118497-3a43-42ba-9f0f-06cbcb9bc326,Phillip Berry,thompsonnancy@example.org,18,63453.52197097663,HR,1,4.130784162976597
171,2025-05-23 14:42:25.543299,6601ddd0-3170-4437-a8f7-ef5a060edf5b,Jennifer Banks,wrightstephen@example.com,52,53539.80432289067,HR,6,2.0615496367527784
172,2025-04-01 14:42:25.543300,11c58ef0-dd46-4c09-8752-87aa5408f9ac,Brian Fitzgerald,joshuacolon@example.net,54,67990.20348517885,Finance,5,1.7110655514049928
173,2025-10-28 14:42:25.543301,59e4b671-4774-4c58-85f8-bc16f7860b50,Mr. Justin Green III,hreid@example.net,64,93959.965824909,Sales,16,3.7664722222772773
174,2025-11-20 14:42:25.543302,adf4e62d-6651-429e-8268-690ba43825b5,Zachary Mitchell,allentracy@example.com,31,128022.87215590084,Marketing,26,3.472206697148744
175,2025-07-30 14:42:25.543303,54c63cd8-8945-4f27-97fa-2d8dfb2ca025,Katherine Martinez,susanwells@example.net,20,115185.41652170414,Finance,24,3.5327585040538563
176,2025-11-16 14:42:25.543304,e08596db-1d87-4966-8710-d430f071d879,Jodi Roach,max41@example.com,18,139063.64915023113,Marketing,24,1.9155784193864545
177,2025-05-06 14:42:25.543304,94a1875d-2db6-4edb-82de-ffccf86c2ca2,Brandon Fleming,hughesfrank@example.net,22,85153.04874223901,Sales,27,1.930582154250724
178,2025-05-11 14:42:25.543305,09cb3942-43f5-4a85-bbc9-f87af668a617,Emma Reed,mercedesholland@example.net,43,78946.41273441356,HR,1,1.8832105191425565
179,2026-02-06 14:42:25.543306,587ef344-6f3f-420c-98b8-e4cc1bc044fc,Joshua Vance,josephortiz@example.org,72,66666.84011476704,Engineering,2,1.695010382649178
180,2025-04-06 14:42:25.543307,6fb78271-504d-481f-8953-5b63ba81edd9,Michelle Ho,wellsdavid@example.org,31,109796.05866435345,HR,4,3.6228946902466252
181,2025-08-25 14:42:25.543308,1d9af659-82ec-4f2d-bbf6-e16f9b3080d5,Rebecca Hicks,walkercharlene@example.com,56,49834.03429289697,Finance,4,4.392063540997606
182,2025-06-01 14:42:25.543309,30a900ad-939b-462d-a645-f129629c2ae3,Curtis Taylor,rodney65@example.com,44,43205.56315638448,Engineering,0,3.897269878706645
183,2026-01-28 14:42:25.543310,6fa17735-b572-43d0-8b5c-ea6a41357e8c,Allison Spencer,jeffery48@example.net,26,58512.14709111956,Finance,7,4.168374535042172
184,2025-12-11 14:42:25.543311,ce777f00-ecf2-4e76-8519-7ff4006ed6e3,Robert Arnold,asilva@example.net,32,34022.08551380386,Sales,11,2.6191937163407992
185,2025-08-05 14:42:25.543311,f0b5156b-b82c-4074-afd5-dea589d7fd6c,Angelica Parker,anna99@example.com,32,83984.89956638477,Engineering,23,3.6163031814879925
186,2025-09-02 14:42:25.543312,3270e4fa-abae-4f43-bcae-8081bdf070aa,Dr. Kelly Hammond DVM,gabrielle71@example.com,43,49317.34676892604,Finance,3,2.416944961779098
187,2025-10-07 14:42:25.543313,f2e9702d-11e9-4daa-ae69-81a35d3d9e56,William Day,danielle44@example.net,59,81007.87572952415,Sales,12,3.10201848787456
188,2026-01-08 14:42:25.543314,9f871ce7-5487-4d4f-abb7-a385aa0b7b14,Michael Cooper,jacob83@example.org,77,99835.11951554319,HR,22,2.9265393861394493
189,2025-10-06 14:42:25.543315,1fe771d6-d917-4793-a9d3-c2e6505cc686,Penny Bowman,rguerrero@example.org,30,118523.41678431773,Sales,14,1.7075485805754176
190,2025-04-22 14:42:25.543316,81d2c7de-4ce1-4b90-a669-7833b841d0a0,Vincent Reynolds,rioswhitney@example.com,68,94008.476763721,Marketing,10,2.5483150413425233
191,2025-12-28 14:42:25.543317,5380b904-688c-4015-aab9-7e494f2d4796,Amy Martinez,vsullivan@example.org,49,61961.92688675194,Sales,9,4.855289101929404
192,2025-12-25 14:42:25.543317,8dedf9fb-4bb0-4f20-b27c-40266703b636,Christopher Morris,matthewreeves@example.net,56,45031.70657303284,Sales,2,1.9943210308597683
193,2025-06-03 14:42:25.543318,aa38d0a1-6ba2-4efe-b11c-6eb62095eef6,Hannah Everett,qknox@example.com,66,101338.38343013011,Marketing,21,1.5352149451179549
194,2026-01-02 14:42:25.543319,bf85bf0e-ad64-456c-a10f-aa3ff0bbac67,Sarah King,megan82@example.com,69,53095.335859587154,Finance,13,2.674322486495741
195,2025-05-10 14:42:25.543320,91b0e1d9-9d92-42af-ac8d-0e44e71e43a6,Krista Martinez,ruizjoyce@example.net,78,119129.17531708707,Finance,15,4.161350943440592
196,2025-12-04 14:42:25.543321,d56f0350-8c45-4ce2-a7f4-8ad54d0b0d1a,Joseph Shaw,staceylam@example.net,49,97088.80241442574,Sales,9,3.328592919119889
197,2025-12-03 14:42:25.543322,35ce8841-4973-4d6c-8dca-bfb7001a9a8b,Todd Moore,walkerjeffrey@example.com,21,92616.4869579059,Marketing,28,3.723899308952978
198,2025-03-06 14:42:25.543322,9b4e2c24-9479-41e6-8927-7d9b6e0d2648,Michelle Jacobs,vfrench@example.com,47,39237.30941818245,Marketing,9,1.7587793926987088
199,2025-06-08 14:42:25.543323,7118e364-7709-4749-927e-ecfaa79ac9aa,Kristy Bryan,brenda71@example.com,54,103577.44748330826,HR,11,3.475792772030886
200,2025-05-01 14:42:25.543324,82dc4c8e-36b5-429a-acf5-e81e71316269,Angel May,delacruzbrandy@example.net,40,101209.20309494765,Finance,29,2.294001579645895
201,2025-11-14 14:42:25.543325,f5b78cc7-e6b3-4944-8b32-3e357922bac2,Marilyn Wang,kennedyjames@example.org,56,96756.32623946923,Engineering,8,4.3372134638190705
202,2025-09-24 14:42:25.543326,a8aa7158-2b70-4525-bc67-f831cbc84759,Mark Jimenez,amoreno@example.org,62,28111.44682411266,Finance,0,3.5171952240429447
203,2025-05-12 14:42:25.543327,a9f25336-83f4-49a9-88a6-39d015b52908,Donna Frye,derrickgonzalez@example.com,32,54012.499540924546,Finance,4,1.7954251111011836
204,2025-04-02 14:42:25.543328,17e8392a-55ce-45db-9e87-e04ca2086977,Dr. Michael Evans,tthomas@example.org,60,88604.87399436366,HR,19,1.2584667193763446
205,2025-07-05 14:42:25.543328,3c20592f-c04a-46c4-b3b6-3fe1d1843324,Anthony Gonzales,freemancrystal@example.org,46,71439.61187529484,Engineering,7,1.170532837148131
206,2025-10-21 14:42:25.543329,ce7ae7f6-3982-4cff-8f77-a665ac3c5640,Mr. Lawrence Edwards,cynthia07@example.com,53,65998.69057041513,HR,10,2.485634270600563
207,2025-05-06 14:42:25.543330,0bd4a990-0640-4e0f-a5b8-fd4b32fa2de8,Morgan Valencia,kathleenjackson@example.org,30,88956.99864694997,Engineering,11,2.063404546617254
208,2025-02-18 14:42:25.543331,9c7c7377-79a2-4903-bbe3-3b243eae0032,Bianca Wood,xglover@example.org,49,38647.59141234811,Sales,0,3.584360493850032
209,2025-10-27 14:42:25.543332,74962764-12a4-4ef0-84bb-b7a9d98868dd,Emma Owens,christinaschultz@example.com,24,93152.41029957413,Engineering,24,2.997335339914473
210,2025-02-06 14:42:25.543333,935f2b0a-a138-4ddc-a2d9-de5d6a18ce4c,David Davis,ysanford@example.org,76,93905.91263423797,HR,21,2.064077112021523
211,2025-08-31 14:42:25.543334,624c69b6-b244-45a7-b7e5-848131c681ec,James Gilbert,fergusonjessica@example.org,68,98788.77668117498,Finance,19,1.5969511118007045
212,2025-07-17 14:42:25.543334,25c73c44-3e75-43b4-a64f-a6637e8f8095,Sean Moore,katherine83@example.org,39,114732.2975617778,Engineering,27,1.5087990507497984
213,2025-02-28 14:42:25.543335,e4855aa1-016b-4287-b008-05cca7f36ae9,Kenneth Edwards,simsjohn@example.net,45,73507.15816324262,Engineering,24,4.458641568561671
214,2025-03-11 14:42:25.543336,e2add909-c521-4f2d-9c45-d539c03f3538,Kathleen Robertson,larry16@example.net,19,44317.716585287555,Marketing,10,1.973911873619469
215,2025-07-30 14:42:25.543337,3805f907-6cd6-4193-8746-8f591b494e15,Mr. Alexander Landry MD,gary04@example.com,59,91553.53643797018,Finance,4,3.6068425916438733
216,2025-06-27 14:42:25.543338,b227462c-f53d-4330-8dda-24ba2d06e8cf,Cindy Gomez,mluna@example.net,62,87646.28023959184,Sales,14,4.2427437119450655
217,2025-05-18 14:42:25.543339,8eb22579-0cdb-4ca4-b6ec-bdd68498e113,Johnny Khan,ryan25@example.com,79,51030.26926886893,HR,4,3.4563252447389443
218,2025-06-20 14:42:25.543340,1f115b76-d92c-4227-aadf-50853fcb7546,Julie Herrera,karen26@example.org,74,107523.03951045046,Sales,11,4.438260926587783
219,2025-12-07 14:42:25.543340,76f2dbfe-cd29-436f-a222-82e174daaebf,Jessica Khan,jeffreymercer@example.org,70,68313.49268585717,Finance,4,2.569574886113898
220,2025-10-03 14:42:25.543341,8f15ba58-fce6-4504-87f8-424daae65fc1,Pamela Diaz,lawrencegary@example.com,23,107585.94368127652,Engineering,16,4.824888762595793
221,2025-10-14 14:42:25.543342,c1581092-f335-4ba3-913a-7052986f9025,Kelly Lee,brooksdanielle@example.net,45,85350.36962820217,Engineering,16,1.5325800167123877
222,2026-01-05 14:42:25.543343,d0a44432-9cd6-4852-b14c-7df4e4347d51,Angel Gordon,wheelerbrandon@example.org,45,135714.95849763975,Finance,23,1.4085981186301524
223,2025-08-17 14:42:25.543344,6d3ee1dc-8139-4443-a45b-712eb8225688,Diana Hays,williamsdarrell@example.com,61,111606.81684886408,Engineering,11,3.634768584829774
224,2026-01-27 14:42:25.543345,722764e6-8c41-461b-a827-a1b9d4a02e53,Barbara Hester,qmartinez@example.com,61,89520.71703041853,Engineering,23,4.771324565653047
225,2025-04-11 14:42:25.543345,dc8aee30-be60-43f7-a8be-9288e5af6e39,Robert Morgan,jamiejennings@example.org,37,119931.4190190871,Engineering,27,4.235533846545312
226,2025-04-29 14:42:25.543346,c074718e-425a-409f-b337-c59979844388,Nicole Gonzalez,robert18@example.com,47,93907.51899170295,HR,14,1.3056674377522057
227,2025-10-12 14:42:25.543347,46fde062-a33d-47af-9701-410d3f4b1a70,Kathryn Williams,robertroach@example.net,79,108372.63115064698,HR,14,2.1174708557388655
228,2025-04-11 14:42:25.543348,7c0e8cd8-8573-4793-8715-b2b9c40c5d91,Gary Wells,campbellkristen@example.com,28,48201.53078839791,Marketing,5,4.721275539351295
229,2025-10-17 14:42:25.543349,709b7d97-464c-44af-bd3f-3799a07295e9,Larry Robertson,chelseastrickland@example.net,75,90221.02919996879,Sales,11,2.012233731203138
230,2026-02-03 14:42:25.543350,3c07c574-4925-4af1-b6aa-e05b13d5f2f7,Louis Martin,michaelortiz@example.org,72,120168.48973699176,Finance,26,4.124681695147677
231,2026-01-01 14:42:25.543350,e49d681d-51d8-4c64-95fa-1ab8458f1f19,Nancy Evans MD,kelleyrenee@example.net,45,66825.21027153771,Finance,28,4.300528783714816
232,2025-02-09 14:42:25.543351,269cd696-236c-4b87-94a0-bccb8a476a87,Kim Erickson,arivera@example.org,42,64834.829746684496,Finance,19,2.981808413843927
233,2025-03-20 14:42:25.543352,271e3ee2-b1a6-41f1-a20e-99d33b33f3d8,Robert Richardson,meadowsmary@example.net,56,44715.35644479799,Marketing,17,2.545395639393262
234,2026-01-07 14:42:25.543353,6a34c854-1071-4d51-b6c5-9dacb4d7e28e,Veronica Silva,fhernandez@example.net,79,74111.86331110884,HR,13,2.8004977296790385
235,2025-10-12 14:42:25.543354,7746d0ba-8ae8-405b-94b4-a48268586eba,Molly Watts,cummingscraig@example.com,50,75850.84511591925,Marketing,1,1.9078587774614566
236,2026-01-03 14:42:25.543355,d5385b0e-34f3-493c-8ff0-a55c6a702e2f,John Coffey,stephenmadden@example.com,18,102047.14104192056,Finance,8,4.557563664515377
237,2026-01-21 14:42:25.543356,c51155ff-e7a3-4e81-a3b4-c08b6b8e869f,Paula Lane,lwilliams@example.org,74,67481.89560839551,Sales,4,2.8024786269190316
238,2025-08-21 14:42:25.543356,05000bc6-b20d-4b6e-b231-1f1795863a76,Lauren Jackson,michael56@example.net,44,121072.31091142584,Engineering,19,4.5298377618244
239,2026-01-01 14:42:25.543357,9360715f-c3fe-4183-a172-b725db52ca58,Lisa Randall,daviskatherine@example.org,79,69897.97083570217,HR,25,1.4227739196250964
240,2025-05-19 14:42:25.543358,f1578470-0182-47c4-ba1b-58066160a6b4,Michael Johnson,christianelizabeth@example.org,74,67932.3512128969,HR,28,4.953101084000526
241,2025-10-08 14:42:25.543359,63d62a39-c0e3-4efd-8c71-e0fe5a0cdd7c,Ashley Smith,michael79@example.com,69,58889.046022067625,Marketing,0,2.773092349774473
242,2025-09-17 14:42:25.543360,d5f25073-f414-42b1-a442-9ebbda7b9095,Christian Vaughn,watsonmatthew@example.org,30,100681.30897878614,HR,22,1.1913232815764219
243,2025-03-01 14:42:25.543361,bc10fa52-bf5d-4fdf-89c8-d2ab6b44fa8d,Reginald Knapp,dross@example.com,58,62346.10503811814,Finance,2,1.1520873929498197
244,2025-06-03 14:42:25.543361,e5d6f6e6-9a6e-42f5-8cc4-29038bcf53a1,Nancy Brown,evaughn@example.com,20,26151.15799920247,Finance,5,3.9848290299273543
245,2025-10-20 14:42:25.543362,45df16b6-382c-443f-bcfc-9b793875394c,Daniel Nguyen,danielhorton@example.org,56,64217.59920974423,Marketing,4,3.636142136814723
246,2025-05-06 14:42:25.543363,638c254c-076e-4bba-bc53-08bf6f92f25e,Kelly Edwards,dalepruitt@example.com,23,63910.609989902936,Finance,20,4.20852223251035
247,2025-12-01 14:42:25.543364,cc530e36-addc-4e13-ab3b-4d37560c95ee,Thomas Peterson,ywhite@example.com,25,112393.45097660077,Sales,26,1.4214701358112238
248,2025-04-20 14:42:25.543365,d72b6108-2a40-4f12-b963-f37f67814c1f,Raymond Le,huffmannichole@example.net,44,73331.96492193696,Marketing,4,1.1422834681421934
249,2025-04-17 14:42:25.543366,fb10987f-20ac-4703-ab67-146a77a6e17c,Melissa Bishop,timothyfreeman@example.com,26,41202.40427345289,Sales,0,3.034317157790314
250,2025-06-09 14:42:25.543366,e82c7d7b-06e7-45f9-88bc-539c9f4c3b79,David Grant,qwilliams@example.net,79,73722.66165326613,Engineering,16,2.550380925931078
251,2025-10-05 14:42:25.543367,a9ba5a27-907b-4e36-9786-48f864de82e6,William Evans,alexander89@example.net,54,65815.72956222096,Sales,18,2.847787746683823
252,2025-06-09 14:42:25.543368,6db99102-a48b-4dbe-957d-94a106f028ff,Daniel Bush,tiffanysantiago@example.com,50,78246.41805453657,Engineering,13,4.966353635481096
253,2025-07-13 14:42:25.543369,2e85cb21-7631-4e9d-9de9-f86322bd3388,Gregory Peck,reynoldsjessica@example.com,68,95602.84641002477,Engineering,11,4.882999830682681
254,2025-11-01 14:42:25.543370,53cd6268-610c-4373-8299-9aa40cdf742b,Denise Martinez,elizabeth62@example.net,59,53785.47907328913,Sales,9,4.769261558692771
255,2025-12-20 14:42:25.543370,56666f9f-53ac-4ab9-b467-2cd9362f5e5c,Jamie Baird,smithsarah@example.net,61,98580.93031035688,Marketing,19,4.135370707070695
256,2025-12-19 14:42:25.543371,473bd358-610e-4a64-a130-1617c2dff335,Tina Ballard,kchristian@example.org,41,79394.84763255119,Finance,20,2.4193654410275616
257,2025-03-06 14:42:25.543372,6bebac31-d4f8-4d72-b382-1cfdc083b73a,Dwayne Klein,vflores@example.com,32,69642.54335475311,Finance,17,2.6485237210510864
258,2025-07-01 14:42:25.543373,78660765-14f7-4e8d-95bc-b8d04094dded,Jeremy Scott,hunterandrea@example.com,76,92359.39280090884,Engineering,23,3.198464174875698
259,2025-08-09 14:42:25.543374,0d557b61-8a17-4dfe-bfc0-0dc804f64d86,Dale Ryan,fmontoya@example.com,71,78295.15355161252,Engineering,26,4.322137825619359
260,2025-07-05 14:42:25.543375,39669fa7-5997-4043-b3b1-025bfff9f585,Melissa Taylor,csolis@example.org,49,63927.013893056355,Marketing,10,1.274851330073071
261,2025-07-11 14:42:25.543376,f510ab53-c7fe-439f-9190-f938a66fd7f7,Laurie Sanchez,hwest@example.com,49,79542.44214822302,HR,29,2.6971875435395525
262,2025-06-12 14:42:25.543376,07f194f9-c115-4d6d-8a4e-5b70a6d964a3,Kiara Little,garciarobert@example.net,41,100794.50265832778,Sales,1,1.3304706538370747
263,2026-01-10 14:42:25.543377,d6d7b3b8-3309-4d35-bf4d-f561f319c125,Jason Love,petersenlatoya@example.net,58,96705.27103943456,Engineering,24,3.0586303462940463
264,2025-02-27 14:42:25.543378,3d114802-2702-478b-9f0f-da8d05379ff6,Randy Smith,pamela83@example.net,69,71505.48984014828,Finance,17,4.595603296024942
265,2025-03-09 14:42:25.543379,1d48a071-ab61-47b1-b93b-4c3220500494,Tanya Russell,xclements@example.org,66,106279.59821468443,Marketing,28,4.129939698255752
266,2025-03-13 14:42:25.543380,770c7798-37cc-463b-b2a0-345990604f62,Sherry Woods,meganrivera@example.net,79,93753.43900618341,Sales,24,1.9113696701724399
267,2025-12-18 14:42:25.543381,5e6fea07-c453-4f1d-8199-2fdfb31022f0,Victor Morris,xmoran@example.net,66,64580.60800933554,Marketing,6,4.90396339839517
268,2026-01-06 14:42:25.543382,f6b751f7-9b74-4245-9b1b-c8952af43ab7,Susan Davis,wwilson@example.net,75,106783.3340008685,Sales,23,3.6694015921857135
269,2025-07-15 14:42:25.543382,c71d5e60-1d52-46ab-b7e6-427cbf780e3f,Kimberly Sharp,aaronkelly@example.net,69,96150.1542009461,Sales,14,1.0417107975896123
270,2025-08-17 14:42:25.543383,4fa03f26-f6f7-40cc-a9ec-8e49d1bdb8c0,Susan Thompson,amy51@example.org,29,64389.97704778945,Engineering,10,2.021653938740878
271,2025-12-13 14:42:25.543384,edcb8cb6-0692-4c63-9424-aed51bac5c15,Casey Gillespie,travisunderwood@example.net,79,73983.6351871064,Marketing,17,2.042853199679666
272,2025-10-02 14:42:25.543385,e87466d7-ad66-41bd-9367-6a024fdc6e1b,Jennifer Simpson DVM,nrodriguez@example.org,56,87498.96605696713,Marketing,22,1.2770172251434397
273,2025-10-31 14:42:25.543386,f1043785-658b-4523-a014-1de9f54ad0a2,Tammy Mcdowell,davidphelps@example.org,19,30461.576705288302,Finance,11,4.839306072303716
274,2025-11-01 14:42:25.543387,9793b9b4-1374-4146-b2c5-bd89b70b3420,Keith Rodriguez,msummers@example.net,20,37196.17875602895,Finance,5,2.913021178303695
275,2025-05-08 14:42:25.543388,3e2b6091-a092-452a-94a0-57a7b0cc1b3b,Mrs. Virginia Daniels,daniel60@example.net,66,115837.48534889049,Engineering,19,4.583258389487527
276,2025-06-22 14:42:25.543389,4d3485c5-c5c1-4eb4-b27b-3d901a16342c,Todd Rosales MD,bartonshannon@example.net,54,125899.35427002568,Engineering,22,2.2888620137785134
277,2025-11-27 14:42:25.543389,ce3714af-99b4-4350-af2b-99b4d9acd158,Brian Martin,tamarasmith@example.net,66,98519.27920887244,HR,29,1.5009342817313085
278,2025-07-05 14:42:25.543390,90e0f4a0-fbdd-4933-8bd5-8bf61efd76e9,David Lopez,tranryan@example.net,73,89531.13926111533,Finance,12,2.8973444396248555
279,2025-11-05 14:42:25.543391,8861fe18-58e2-4888-8a83-81bec85aca46,Rachel Bradley,xglass@example.org,34,94725.00309087073,Sales,19,1.4558265388572686
280,2025-09-17 14:42:25.543392,11a72609-5edd-4bbf-a959-76636daa2e68,Casey Chase,jessicaanderson@example.com,76,144077.61616910476,Marketing,15,2.9440620119101597
281,2025-06-15 14:42:25.543392,033d2bce-575a-4d2c-a5c5-650c8186a576,Samantha Robertson,william66@example.net,66,107891.49822869153,Engineering,17,4.6811887248776305
282,2025-10-02 14:42:25.543393,7d7ddbed-d284-476c-ab88-f83dd97dc9cd,Michael Lopez,joshuastuart@example.com,19,70941.64817038467,Marketing,9,3.083072567336851
283,2025-12-30 14:42:25.543394,5cb85aed-f5f6-4c97-aefb-63b11b049863,Franklin Wright,iballard@example.com,19,81389.19118799148,Marketing,27,3.465998907580334
284,2025-06-25 14:42:25.543395,75b17a55-d426-4982-a43e-4288a2b5b498,David Molina,megan85@example.net,45,60871.07359484855,HR,22,1.6265537478952332
285,2025-05-01 14:42:25.543396,2d174fc9-6f7c-45ea-a72a-6d8eb5122df8,Elizabeth Sharp,jamesweber@example.com,71,74569.27271734446,Finance,7,1.174942503519878
286,2025-12-18 14:42:25.543397,a6846099-f729-4951-8591-31d2bbda0242,Matthew Schwartz,samantha22@example.net,40,70372.98509431393,Engineering,17,1.4432318487192282
287,2026-01-12 14:42:25.543398,eb6c1016-cee6-44d0-9dac-6e8345241ea6,Bryan Parker,jennifer58@example.com,54,61554.925808046515,Marketing,20,3.3941263027374626
288,2025-03-10 14:42:25.543398,7701f7bb-7bc6-4e1f-864e-e6e389c5b31a,Jonathan Jacobson,icraig@example.com,49,47068.54231514947,Engineering,0,1.3800467959692186
289,2025-05-06 14:42:25.543399,97ac6aa8-bb24-48a3-9363-57b66f81cf4f,Emily Wilson,hstokes@example.org,50,71369.0399277121,Sales,22,2.5039715597652457
290,2026-01-30 14:42:25.543400,3ed8c56c-da09-4fa0-9282-8d8044b591f7,Elizabeth Mendez,jamesbrian@example.org,18,104242.83270145129,HR,7,3.200367761832624
291,2025-12-21 14:42:25.543401,4767d76c-162f-4a24-af43-613cd4aac9a3,Casey Hernandez,josephfloyd@example.com,36,119632.79513898901,Sales,28,2.554611194519388
292,2025-10-08 14:42:25.543402,c01f36bf-3e6d-458b-b367-c28de1b294de,Lisa Perry,dwayne04@example.org,79,67340.54717366766,Engineering,5,1.654735205861206
293,2025-11-13 14:42:25.543403,ab0e664e-9c3e-42d5-91e1-aa9676f72255,Kaitlin Medina,howardshaun@example.net,19,95598.88277780052,Engineering,4,2.095165230056426
294,2025-07-13 14:42:25.543404,7e8adee7-0758-4201-961e-16d16105716b,Colleen Wright,juliahoffman@example.org,70,82547.36615295237,Finance,14,4.713270131394308
295,2025-06-03 14:42:25.543404,7cd0129d-2e8d-4e87-9334-20e6d9d80b8d,Shelley Miller,heather06@example.com,61,74274.31597343473,Marketing,21,3.7039291023454215
296,2025-06-05 14:42:25.543405,4223623b-cc3e-4dde-9ad5-cf06364d7c87,Michael Miller,rfrye@example.com,43,111462.48154539315,Marketing,14,2.984191354719546
297,2025-10-20 14:42:25.543406,989d9d4a-e15c-4666-8797-b2c957207246,Amy Kelley,smithjohn@example.net,49,72278.20087369317,Sales,1,1.050859559947574
298,2025-07-16 14:42:25.543407,8e485223-46b9-4991-a14e-b70db380c73a,Laura Hernandez,ogreer@example.net,23,39255.07691347087,HR,0,4.969661601957881
299,2026-01-07 14:42:25.543408,30e912f2-f2b4-4abf-8441-aefd0299436a,Joseph Wilson,kari89@example.org,49,89193.22643832784,Marketing,22,3.685819739578573
300,2025-11-14 14:42:25.543409,680bac63-b856-4035-bdc9-829015eabb27,Kevin Davis,kellythompson@example.net,72,75487.63493230485,Finance,22,2.2676899093797798
301,2025-07-27 14:42:25.543409,3d85de89-c217-4429-8e20-07247d137018,Rhonda Chavez,lopezglenn@example.net,21,69844.00538071328,Sales,25,4.517074639991353
302,2026-02-05 14:42:25.543410,b63b4dc3-a559-4463-b9e1-3ceab0cbc61f,Joyce Brown,bennettroy@example.net,72,93523.55095063282,Sales,10,2.0337264811672724
303,2025-07-22 14:42:25.543411,046a0df5-cafd-4613-b2bb-912d7da67785,Robert Cummings,david94@example.org,28,111688.33280940261,Finance,9,3.1760663167310064
304,2025-09-24 14:42:25.543412,6786d506-38ba-4abc-8b53-05e517d2582e,Robert Reese,steven20@example.org,73,75528.64852361717,HR,29,3.5442830549193003
305,2025-06-19 14:42:25.543413,a9f948b2-4e63-44bb-be49-3f43b118f68d,Amber Cooper,candice94@example.com,76,96759.38473381141,Finance,17,1.8842534858149138
306,2025-09-13 14:42:25.543414,8db06746-7927-4973-9e78-1fd794e0d3ba,Zachary Michael,charles58@example.org,34,72487.14861756346,HR,17,4.913589115202384
307,2025-07-05 14:42:25.543414,ff233d5f-6ced-415d-9800-7c0287ea7ff5,Timothy Johnson,abigailhartman@example.org,55,74257.49232470608,Finance,16,3.99276762391599
308,2025-02-15 14:42:25.543415,5a104129-54ae-4d1b-8ce6-424dbef59fe6,Randy Cannon,zdaniels@example.org,41,85652.12151522262,Finance,25,3.2312529020442797
309,2025-04-28 14:42:25.543416,4e7ed827-455a-4762-b428-a656b3ee4d3b,Maria Fisher,jeffrey35@example.com,22,53220.18460640368,Engineering,7,1.7223783927012035
310,2025-03-05 14:42:25.543417,b8a6171f-1ee3-4dc4-bb04-8a8b405bfdc9,Janet Kane DVM,kelly98@example.com,69,81970.43255889654,Sales,14,1.2154328279921045
311,2025-06-02 14:42:25.543418,be2d740a-1e9b-43bc-90c7-c006314d3441,Michael Stanley,wilsonmichael@example.org,51,53880.997671779245,Finance,7,2.280239330083934
312,2025-11-19 14:42:25.543419,b0ae8f08-c31e-4bbc-b36c-b62b892e6161,Martha Bailey,susanfleming@example.com,23,89409.13651559678,Finance,16,4.012749343653612
313,2025-11-01 14:42:25.543420,bd1531c8-3764-4bda-b108-d4482f65fafa,Joshua Rice,hmoon@example.com,39,75495.23781101726,Marketing,11,2.0773251932081003
314,2025-09-08 14:42:25.543421,96ef2ad6-b97e-4703-86c8-adfe7bf47042,Courtney Smith,amber40@example.net,28,94221.0390626718,Sales,26,3.1582248819820204
315,2025-10-18 14:42:25.543421,98c7472a-864e-4a13-829c-fc0cfa02eaec,Edwin Nunez,willie87@example.com,65,52348.72675916804,Marketing,7,3.9117887069229726
316,2026-01-08 14:42:25.543422,d52721e7-19bc-443e-bb02-bebb48729a4d,Kim Morrow,phillipsdenise@example.com,33,84464.57338863335,Sales,24,1.4317748585858574
317,2025-04-16 14:42:25.543423,5c62b3a2-3a3c-463e-8bd6-cee631b1b099,Gregory Hill,vaughangary@example.net,50,94607.82451651512,Marketing,13,3.7411920644634935
318,2025-05-05 14:42:25.543424,b540b30e-039f-4a25-8d61-68bd2defe193,Molly Rodriguez,simsjason@example.net,26,74518.34375248762,Finance,3,1.3674835508401788
319,2026-01-06 14:42:25.543425,0ba6eab9-4639-447b-a067-bdac88bd13d1,Jennifer Miranda,michellecoleman@example.org,77,40448.89510402898,Finance,0,4.860518968507986
320,2025-08-30 14:42:25.543426,4ac9778d-8da8-4ee4-8df5-6ac6f96b648a,Alexis Harris,amandapark@example.net,76,61986.646108584515,Engineering,0,2.9535765202597584
321,2026-01-08 14:42:25.543427,a34b6cf6-2053-4a42-b1af-db65b289f224,Andrew Harper,elucas@example.net,23,102027.74246743578,Marketing,18,1.6027044308395095
322,2026-01-12 14:42:25.543427,1a432f0a-7daa-49f0-80b6-fce2de53790a,Amber Yang,andrewlove@example.org,33,49111.894377572564,HR,15,2.369534544134186
323,2025-04-13 14:42:25.543428,48ca7651-92f5-4f7b-8323-d342df6a8f93,David Robinson,jonesgregory@example.com,46,90367.2038475987,Engineering,13,2.653665797181046
324,2025-06-07 14:42:25.543429,5738811d-70c2-403f-ba8d-03aa782a65e0,Amy Gordon,andrewsjeremy@example.com,20,76747.52482108306,Marketing,20,4.032740044306149
325,2025-05-25 14:42:25.543430,40a26c60-0d27-4659-b72a-da9b2f32751e,Robert Dennis,ohughes@example.com,37,93911.97337186319,Marketing,15,3.973695144306437
326,2025-05-11 14:42:25.543431,1d34d08e-7a4c-45d4-9c99-e04cf0e98b3b,Kyle Chambers,ystewart@example.net,77,50734.81686914966,Engineering,4,3.447762021349324
327,2025-11-18 14:42:25.543432,7de31a51-6694-4343-90ba-58e3d2762bdc,Eric Thomas,nicholsdarlene@example.net,76,35902.35798670962,Finance,8,1.4237228502339718
328,2026-01-08 14:42:25.543433,afbb411a-a123-4a8c-93b7-a88612f70c97,Connie Turner,avilabrenda@example.net,53,64949.151242336746,Marketing,25,1.6062774863506943
329,2025-05-22 14:42:25.543433,cfa701cd-2631-400b-a6d7-94d30db95301,Travis Hobbs,howardwesley@example.com,36,104461.69893322764,Finance,29,1.3750276825822265
330,2025-12-27 14:42:25.543434,15ce6a66-4dc8-4a1e-b2f9-e5fa90164161,Lori Simmons,catherine47@example.com,43,105694.45003442964,Engineering,27,3.3086911331502002
331,2025-11-03 14:42:25.543435,8edddfcd-1e52-4770-bf89-7142fe716b14,William David DDS,bshort@example.com,20,43413.667497911825,Finance,1,4.508553766045615
332,2026-01-02 14:42:25.543436,989bc4da-9b37-422b-aa8a-616fc3b290d0,Emma Butler,amandataylor@example.com,36,98271.84917554748,Sales,17,2.735202049019087
333,2025-04-08 14:42:25.543437,c693da11-39c6-41ca-9e50-aa42ca6dfda1,James Webster,susan24@example.net,37,34269.598754620805,HR,5,1.6433926958309848
334,2026-01-03 14:42:25.543438,e893be3d-7354-4a6f-a160-745985c7504b,Samuel Turner,susan08@example.net,49,70678.40402705368,Marketing,8,3.232169300595868
335,2025-02-26 14:42:25.543438,96a9954f-dc33-41f9-8c1f-55ab715629ee,Renee Melendez,davidsmith@example.net,24,35779.676004750865,HR,0,4.2470088674628395
336,2025-10-09 14:42:25.543439,9191b363-4e2d-4645-adc7-cac7fd72b050,Tracy Grant,fmedina@example.com,69,58963.27784395682,Finance,8,3.96684824605172
337,2025-07-15 14:42:25.543440,f5c9b047-9c10-4572-8f6b-40d09efba58b,David Harris,kaitlinberger@example.com,58,96947.97342632827,Marketing,24,4.525803118700086
338,2025-12-07 14:42:25.543441,c342bd2b-f295-456e-9967-5f06bd767e35,Tammy Boone,robertbrewer@example.net,50,65291.73269432095,Finance,15,2.1116083889954713
339,2025-04-21 14:42:25.543442,43bfd931-3605-4f54-a021-c0ca3531968d,Nathaniel Lee,eugenewalker@example.com,57,70308.8891154035,Sales,12,1.7758154690710994
340,2025-10-03 14:42:25.543443,3d67cde9-2834-44c0-94c8-b3b4a911d192,Michael Morrison,dannylambert@example.net,56,92125.85618428882,Engineering,8,4.5192659437677545
341,2025-04-16 14:42:25.543444,2812859a-1337-439e-8d4f-5d272c7f0b79,Chelsea Gill,yorksarah@example.net,35,78462.16260953702,Marketing,20,3.6302412511120923
342,2025-04-08 14:42:25.543444,b07aa066-7354-45ea-a894-9b8d00af5b3a,Kristin Mendoza,enewman@example.com,57,94713.84224130283,Sales,12,2.2437157200302167
343,2026-01-17 14:42:25.543445,085b15fb-4a8f-4810-b84c-2f29980402a2,Felicia Krueger,kingjames@example.net,18,49405.86290684764,Sales,8,3.9693922022900368
344,2025-03-26 14:42:25.543446,48603b32-b4fb-4eb9-89c1-3de73b4206c5,Timothy Hayden,wlynn@example.org,28,85596.08355830566,Marketing,10,4.260473537921472
345,2025-12-27 14:42:25.543447,1238d630-743b-45a2-9c0f-2fcfb3f6fe0d,Zachary Mendoza,craigharvey@example.org,45,93331.37241315801,Finance,3,3.4599129613645294
346,2025-07-07 14:42:25.543448,43b9da13-ec85-4f37-bbc1-a987aff8754d,Larry Harris,todd59@example.net,74,12067.109997454216,Sales,1,3.7515364395196604
347,2025-03-07 14:42:25.543449,96fc734d-a003-4d28-8a8f-3653c9af18f8,Kristen Rowe,heather29@example.net,42,86062.09489059047,HR,28,2.5010396177706653
348,2025-04-14 14:42:25.543450,32a447b2-ef04-457d-8dcc-c33aa9434aa0,Joseph Howard,lindsey62@example.org,67,79041.4425436108,Sales,5,3.1547826693721563
349,2025-04-23 14:42:25.543451,398d1ca6-8b68-40b5-9d61-fac36cd5e859,Jose Crawford,john36@example.com,40,75439.09227914014,Finance,13,3.096636682904649
350,2025-05-15 14:42:25.543451,44007d5a-e88d-4719-a624-2b40a5cb63a2,William Harrison,dennis57@example.com,48,71922.91746742617,Finance,3,4.392191164523087
351,2025-08-29 14:42:25.543452,0f44704f-1247-4a4e-a469-98e8d39e198b,Suzanne Wood,thoward@example.com,47,55420.29626568359,HR,5,4.35985592112873
352,2025-09-26 14:42:25.543453,9854ce4e-4ebf-45c3-8ae9-b4a72a79ea68,Justin Walker,thompsoncatherine@example.com,59,88731.79574945799,Sales,18,4.330721877388173
353,2025-10-25 14:42:25.543454,ebd34616-91b7-4d8e-9301-6989bfbbb17f,Dean Donovan,patriciagonzalez@example.net,52,64386.45529215841,Finance,5,1.0441264570498632
354,2025-03-01 14:42:25.543455,77fc9703-1fd5-4423-b06c-5c5649e2623d,Jennifer Hernandez,lunapatricia@example.net,24,84855.64123319615,Marketing,1,3.998181937875553
355,2025-08-30 14:42:25.543456,670acc5c-b321-4f21-8dd8-eb85b04d3376,James Whitaker,hessbeth@example.net,77,90588.41686602426,Engineering,17,4.034705560444019
356,2025-10-07 14:42:25.543457,8a3c3b5e-801e-41da-85b1-ed25f1533ae8,Mr. Michael Scott PhD,rebeccaarnold@example.net,33,84752.05324150404,Engineering,12,3.7135152914205674
357,2025-09-24 14:42:25.543457,9918ee46-1497-4658-b010-f7197e695d0d,Maria Henry,jvaldez@example.com,43,63762.460677550655,Engineering,8,4.025058631565811
358,2025-07-19 14:42:25.543458,bc0a6a5d-6e99-4e3e-a3b1-37fc0a3450fc,Robert Jackson,xwalker@example.net,65,83247.87551855014,Sales,22,4.367881485986835
359,2025-12-01 14:42:25.543459,069f14f1-4018-4c6e-9a8c-fa3c5283aac7,Katherine Stark,dennis88@example.org,74,78348.83624360758,HR,18,2.8812762164071426
360,2025-02-28 14:42:25.543460,ac9ed156-f63f-4e41-ba9a-ca5e176132ed,Maria Brown,acox@example.net,69,85889.04284756594,Finance,12,3.0082008539537886
361,2025-03-13 14:42:25.543461,964db03f-9340-4fad-9c4a-d56bd6016237,Ryan Landry,melaniedrake@example.net,77,66580.31038359474,Marketing,10,1.498856227645562
362,2025-09-06 14:42:25.543462,c3c75611-ffe3-4a49-854f-92fff366bad4,Pamela Gutierrez,katherinetaylor@example.org,66,65795.49713792827,Marketing,0,2.5415035321894472
363,2025-06-17 14:42:25.543462,9384ec2b-44fe-4cae-9248-a9a7ac1aa554,Crystal Mann,ashleyknight@example.org,19,136008.01597290876,Sales,23,3.5734607196471373
364,2025-08-29 14:42:25.543463,2cd94cbb-c19a-458c-835b-1c8c0a4c9f7f,Jonathan Brooks,ccrosby@example.org,18,120922.49406863385,Engineering,29,4.121599104589098
365,2025-12-31 14:42:25.543464,7135f221-a6c9-437f-84da-d06a7872bdeb,Mary Jensen,qhall@example.com,65,84979.52935664318,Sales,21,1.8688363907648422
366,2026-02-02 14:42:25.543465,ff37d19c-2e76-428b-8735-44f9ea83bf00,Mr. Aaron Arnold,bradclark@example.com,79,93024.27844327889,HR,6,1.5512915966369416
367,2025-06-17 14:42:25.543466,d0725b5c-a281-4044-af96-288295d82980,Joseph Hill,dharrison@example.org,29,87838.49253956898,HR,24,3.652168018001969
368,2025-03-25 14:42:25.543467,785299f4-175b-498d-b814-01027de1bdfe,Alicia Li,hoopermario@example.net,22,49237.50929644292,Finance,20,1.0075195340996426
369,2025-04-24 14:42:25.543467,5230dfbd-5553-42fe-a889-803e5913f9d3,Renee Browning,mary49@example.net,54,60838.27378165192,Finance,14,1.7134903372293193
370,2025-12-17 14:42:25.543468,292bd156-db94-4570-9ac7-0ec0ab8ddeb4,Brent Hernandez,nicholasgray@example.net,49,22584.161579482883,HR,0,1.116285521375815
371,2025-12-31 14:42:25.543469,7ed70ed7-b194-490b-a961-929e546e035a,Joseph Ochoa,blacknicholas@example.org,76,69469.73031917383,HR,11,1.6675404714194837
372,2025-05-07 14:42:25.543470,668409e3-f1f8-443e-a99f-131849c8a43f,James Watson,wgomez@example.com,72,97868.36758379103,HR,25,1.725277119702021
373,2025-10-20 14:42:25.543471,0964fbbf-8cd3-41b0-82b0-1cfdd045dd1c,Karl Branch,aeaton@example.net,26,102528.74624550565,Sales,6,2.550694379001577
374,2025-05-23 14:42:25.543502,409d3602-5084-4242-968b-1625746f7891,Michael Abbott,scotthall@example.net,58,87538.54747528325,HR,14,2.609308498746224
375,2025-09-24 14:42:25.543521,c5c5b37a-f85e-46a1-9dad-09b252c21221,Shannon Malone,jason22@example.com,52,85617.98942382271,Marketing,20,4.497049882440951
376,2025-12-01 14:42:25.543527,d32e6dcd-83bc-4478-9d6a-c7b86778043b,James Tran,guerrerorobert@example.com,36,103588.11162366979,Engineering,18,3.040438849995301
377,2025-08-12 14:42:25.543529,de8ede0b-a85c-4e4a-804b-6fabfcf56188,Adam Jackson,olsontimothy@example.org,65,56277.2938198423,HR,27,3.893619062449145
378,2026-01-02 14:42:25.543532,0de051a6-69ca-47d2-b644-14fd8ae769ed,Mr. Richard Knight PhD,deborahjenkins@example.org,33,106712.29116217131,Engineering,28,1.4165494316811498
379,2025-10-04 14:42:25.543534,9f64eeed-5c9d-427d-84b8-71bb300568d2,Joseph Williams,andersonbrittany@example.org,20,111417.30387773934,Sales,24,1.9017550218547754
380,2025-08-01 14:42:25.543536,71299889-a01a-4992-bf9d-3e64c1a6423b,Sean Clay,macdonalddylan@example.org,37,30428.27508440317,Engineering,0,3.811773763914707
381,2025-09-14 14:42:25.543538,445dcc38-341c-4494-8d36-6dfcc28ebd70,Anthony Jones,sandra86@example.net,41,106875.08086413858,Sales,16,1.2112158418741124
382,2025-11-18 14:42:25.543540,49bc473f-ed7b-4656-a18a-15368c99a894,Stephanie Elliott,johnsjessica@example.com,71,90769.92814988828,Marketing,16,2.9463906489750125
383,2025-06-27 14:42:25.543551,7c16128d-b2c0-4394-a17f-29e170286046,Timothy Edwards,robinsoncatherine@example.com,73,54694.24172198398,Sales,2,3.3974758626517354
384,2025-05-04 14:42:25.543555,a14923c2-f920-464c-8763-fcd01f15c7b6,Laurie Goodwin,ajackson@example.net,50,89155.6373221257,Sales,11,3.408582576209924
385,2025-02-11 14:42:25.543556,b5b453ca-3d42-493c-8c9f-d3349bdf0377,Jennifer Jones,laurahoover@example.org,41,112913.85715608792,Finance,5,1.0917312450721681
386,2025-09-05 14:42:25.543557,03802b70-8d03-491e-8f8d-5238288b78b5,David Davenport,gary57@example.net,69,101137.3251011699,HR,25,2.288432016916742
387,2025-03-30 14:42:25.543558,3985fb62-17dc-4eff-a872-13f98d605936,Steven Rivera,hallpaul@example.org,28,79964.41172600671,HR,10,3.545962604196616
388,2025-03-09 14:42:25.543559,1d0bc9bd-e9b5-45cf-9766-5cdafe049059,Brenda Hinton,harrismichele@example.net,66,53812.782009195114,Marketing,2,1.5959989445969738
389,2025-05-12 14:42:25.543560,a5d04d53-1e12-42e3-b272-92b6762172ed,Kathryn Mccann,mserrano@example.org,25,53503.112610704164,Marketing,7,3.781662593312213
390,2026-02-02 14:42:25.543560,eec259dc-7f95-497c-a76a-a6ced50755d9,Jeffrey Roberson,thomasmendez@example.org,53,96106.71633088491,HR,13,3.983700835254698
391,2025-03-02 14:42:25.543561,b495db4e-8245-4fb4-8ab7-706eb77350ca,Randy Friedman,davisdonna@example.net,55,62378.323481822656,Finance,13,4.927876761784582
392,2025-04-29 14:42:25.543562,7b85179a-d5b0-47e0-aa5d-932b45ff2c83,Raymond Johnson,princekimberly@example.net,57,74931.32474438785,HR,9,1.8393679794256377
393,2025-09-06 14:42:25.543563,74eff545-3e65-4603-b8e3-654bfaf14ff0,Willie Henry,xboyd@example.org,37,51946.851064697665,Finance,1,4.300522670664461
394,2025-03-04 14:42:25.543564,30cbd755-6232-417a-a507-41818d1fb540,Todd Reynolds,zperez@example.com,79,89079.59651492783,Marketing,13,3.081186307674616
395,2025-12-15 14:42:25.543565,bf0d073d-821c-4336-9970-cf60ebff8d15,Mary Miller,zbell@example.net,52,78673.24210573896,Engineering,8,2.4938503845766937
396,2025-11-30 14:42:25.543566,11df12d7-dd30-4e89-a2f2-35f2e11b868d,Rebecca Marquez,colemanjonathan@example.org,65,83750.79888515799,Marketing,2,1.4895070293007118
397,2025-09-24 14:42:25.543567,dabac50d-ca3d-4859-85ce-099c46b82659,Christian Dawson,campbellnancy@example.com,79,79799.67202290506,Marketing,20,3.9420224259501504
398,2025-12-09 14:42:25.543568,c9a7d91f-ef2a-4713-9702-10496a39aaa6,Nancy Stewart,jacob09@example.net,42,92102.50129413258,Sales,25,1.9434303965747484
399,2025-12-14 14:42:25.543569,00a81de9-d20f-47d0-8465-6d6b81fb18b3,Aaron Parker,meyernicholas@example.org,52,50924.72568435385,Sales,7,2.485688007492183
400,2025-04-29 14:42:25.543570,d664d264-4c6e-47ff-b9de-7a3a486822b9,Derrick Anderson,robert12@example.com,42,73614.13479847777,Sales,15,1.2501689075894737
401,2025-11-19 14:42:25.543571,a8f1e091-ffb8-402d-9475-dbc996418ced,Jerry Peters,jose86@example.net,46,69046.00986089704,Sales,1,4.2054676632780765
402,2025-09-20 14:42:25.543572,7250ee18-260a-4962-9d81-b7f57d5911c6,Alexander Gomez,cheryl63@example.com,35,82639.77233290704,Finance,5,4.066354095886574
403,2025-09-15 14:42:25.543573,551ac8ea-585a-4afa-bbfd-cc1289e06ab3,Kyle Nguyen,jwhite@example.net,63,82056.6935164475,HR,27,3.93446332016925
404,2025-04-03 14:42:25.543574,6090d697-8b1e-4b9d-834b-9fbb8d4a75b8,Edgar Hughes,tking@example.net,35,107392.1184021132,Engineering,20,2.1977740419675467
405,2025-10-22 14:42:25.543574,de9e3757-5260-401e-aecf-67d2749176f4,Steven Stein,kim62@example.net,19,129112.75717609902,Marketing,28,1.693920297063829
406,2025-08-15 14:42:25.543575,3d225c30-b28f-41de-bb14-0bc3304b8590,Laura Jackson,adkinssean@example.net,71,105768.69806447401,Finance,25,3.550213057880919
407,2025-10-25 14:42:25.543576,db23aa8c-3bca-4f85-a20a-60ac9261549d,Charles Turner,craigromero@example.com,52,133535.9162511613,Engineering,24,2.984665536452878
408,2025-02-20 14:42:25.543577,517400f8-0b2c-482a-a928-8e92c68a152f,Arthur Hamilton MD,martintamara@example.org,33,61024.21601792854,Finance,11,1.7130098676185663
409,2025-03-19 14:42:25.543578,e9d68f23-b489-4070-b914-f8a8bea4ff31,Mr. David Wright,morrowthomas@example.net,78,41106.90593377166,Finance,4,3.743645084199455
410,2025-09-24 14:42:25.543579,fd08b32c-62d6-4e93-a198-5d54cfb87e6f,Linda Gonzalez,qdavis@example.org,58,25925.59502191443,Marketing,1,4.964505727285214
411,2025-05-24 14:42:25.543580,a6eab79e-d21c-42f8-8ada-4f80a9e782d4,Eric Rush,christopher06@example.com,53,112420.88622978366,HR,15,3.9888783509681507
412,2025-06-01 14:42:25.543581,f6febc0e-7ecd-4baf-a6f0-5fcffb16e5db,Manuel Brock,jennifer90@example.org,50,79087.31312708116,Sales,4,3.959945546742447
413,2025-10-01 14:42:25.543581,f72169bb-8096-4718-a051-acef097a1e10,George Ochoa,mgonzales@example.net,21,79888.30658179091,HR,14,4.801251011722367
414,2026-01-11 14:42:25.543582,19b17e80-dea4-4e17-94fd-9ad39716108e,Valerie Taylor,james98@example.net,50,82099.3725263964,Marketing,11,1.8117454702996088
415,2025-12-21 14:42:25.543583,1986b4b2-70b7-4868-9854-80f0dfcaf0b7,Travis Harris,christinacraig@example.com,31,41990.21905403247,Marketing,3,3.2621998596857615
416,2025-03-19 14:42:25.543584,03edd1f8-74f9-4d17-a912-b4bf86a4bae4,Vincent Novak,dianacantrell@example.org,38,129915.03959233653,Marketing,14,4.918586860135534
417,2025-07-05 14:42:25.543585,def57689-68f4-4bce-a4e7-5e8eb8f21423,Michael Henry,kimberly56@example.com,65,77584.42363950456,Engineering,10,1.6611764438806982
418,2025-09-18 14:42:25.543586,1327f1bc-2784-478f-b84f-16b3a79fbfaf,Dana Bennett,aprilmclaughlin@example.org,37,84687.89589209785,HR,15,3.801007837778084
419,2026-01-15 14:42:25.543586,43d88870-f81d-4aa1-8812-0a8e78308930,Jenna Wilson,dunnjessica@example.net,73,107515.33247797383,HR,22,3.343240583887608
420,2026-02-05 14:42:25.543587,65c17795-b155-46bc-9f8d-ed9756abf2f1,Leslie Gardner,michael43@example.net,25,77120.18463473427,Finance,5,3.345916368754828
421,2025-08-20 14:42:25.543588,541cdfcd-da0d-4a5f-948f-8b74a65bb1f2,Krista Benton,shawnpowell@example.org,24,83977.68048558262,Finance,13,3.7906825100803005
422,2025-12-02 14:42:25.543589,889b78d5-dbfd-497e-aca2-b148da330aa1,Michael Gonzales,gregory81@example.net,20,69690.51089109376,Finance,17,4.718467691502736
423,2025-03-17 14:42:25.543590,a075e927-5110-4492-b442-7e0b61484bb3,Michael Fuentes,gordonmatthew@example.org,34,85929.36714271992,Marketing,11,4.130327759405352
424,2025-09-25 14:42:25.543591,7cea2045-c268-483e-a32f-2e63b7fddd71,Jennifer Porter,nancy94@example.net,50,136640.48992950068,HR,26,1.22454441366484
425,2025-11-16 14:42:25.543591,9e11d2cd-0930-4ef6-8a80-068ddf547e50,Dana Hopkins,kchurch@example.com,65,101908.40092309956,Marketing,10,4.410912079502845
426,2025-06-25 14:42:25.543592,af34cf65-a193-44b2-bc19-e71d118405ad,Rachel Jones,katherineali@example.com,29,109863.73253278794,Engineering,12,1.9021653197029305
427,2025-04-30 14:42:25.543593,3a3c8a71-ff57-4e2b-8991-ab9bebc2026f,Karen Morales DDS,bmosley@example.com,76,79775.6864713763,Finance,20,2.507656658945488
428,2025-02-10 14:42:25.543594,fa745761-6f18-4108-9723-199dbf2c14a0,Melissa Stephens,scottpatrick@example.org,68,73207.90359482839,Marketing,22,2.8469312544495287
429,2025-07-03 14:42:25.543595,b4323070-a23d-4c2f-82a7-96891933918c,Heather Woodard,laurengutierrez@example.com,39,72484.26159800704,Marketing,10,2.9236240030122786
430,2025-04-25 14:42:25.543596,2a96e1e2-7194-4ae2-99ba-d7aedf615a5c,Margaret Miller,haynesjose@example.com,72,94114.4982457739,Engineering,22,2.740721597021427
431,2026-02-02 14:42:25.543597,0769165f-e746-4cb9-8ca9-cf07b1aa0f6a,Mary Kelly,rosskaitlyn@example.com,39,104383.83036941897,Sales,15,4.749413176863458
432,2025-12-11 14:42:25.543597,0e5dd462-cbd0-4ef2-930a-37df0bc61066,Amanda Terrell,spencergregory@example.com,63,47150.707405703615,HR,14,3.8240760306560984
433,2025-12-30 14:42:25.543598,6e417d47-5ff5-45ea-9bc4-40f14b1a269b,Jennifer Goodwin,jeffery94@example.org,47,120591.00638921227,Sales,20,3.5246825838268254
434,2025-02-18 14:42:25.543599,697c3923-87fa-441a-be83-b91f25440fe0,Jessica Smith,victorgonzalez@example.net,55,97339.84202842021,Finance,27,1.1993681111317662
435,2025-11-22 14:42:25.543600,2e183554-cae2-4e66-ae8a-781390e0a95b,Jorge Stone,moniqueclark@example.org,55,72462.3786010516,Marketing,14,4.615653321041499
436,2025-05-03 14:42:25.543601,9c07a751-1437-4509-acd1-586a2b840c67,Laura Griffin,marykelly@example.org,62,75757.91249479665,Engineering,24,4.637560768033585
437,2026-01-19 14:42:25.543602,aee1e86b-9ea5-46aa-a1ee-6c5bdeef580f,Raymond Chapman,moraemma@example.net,68,31402.866562684612,Engineering,3,4.120852253720409
438,2025-08-01 14:42:25.543602,9549c931-e9af-499d-bf67-1eec3da70577,Haley Johnson,waustin@example.net,71,91463.41167923828,HR,10,1.0281168152544766
439,2025-04-14 14:42:25.543603,a34db7c5-760d-4bbb-bb70-b3a124a35cf2,Jason Nixon,charlesnathan@example.com,25,88466.35934376807,Sales,18,1.2291210043104934
440,2025-04-30 14:42:25.543604,aab612c9-415d-474a-b5a6-69814104a8b5,Todd Thomas,kvillanueva@example.com,44,55200.782005178924,HR,14,1.900894809073959
441,2025-11-23 14:42:25.543605,771ad655-cdfc-4ee0-a61e-de900267deb3,Jesse Clark,wwhite@example.net,44,38598.42455872768,Marketing,3,1.5253976325796268
442,2025-07-01 14:42:25.543606,8beddb12-ad77-482f-89a2-3a89e6b5a92c,Mr. Jeffrey Horton,raymond92@example.org,51,83284.30601419744,HR,20,2.5953441188149178
443,2025-12-03 14:42:25.543607,f1faf665-7115-43f3-92e8-9d1028711733,Eric Patrick,imendoza@example.org,38,111380.43050578787,Engineering,12,4.690492232351159
444,2026-01-16 14:42:25.543607,4c955f6a-966b-4964-bcd6-bdca5876fd09,Samuel Wong,phillip27@example.org,47,86308.1729727279,Engineering,21,2.888241736787993
445,2025-09-02 14:42:25.543608,b0b862ef-6c9f-42b9-b647-8986a3917c99,Carly Riggs,astewart@example.org,50,56937.14093763787,Finance,18,1.0536105057286624
446,2025-08-04 14:42:25.543609,4d57d880-d865-469a-b4f3-310340066ff2,Christopher Moore,nicolasgarcia@example.com,45,56585.138718281116,Finance,1,2.130982758315048
447,2026-01-17 14:42:25.543610,da743152-627b-41a1-bfd6-f23232ffe294,Tina Hall,jacob43@example.com,64,74045.5286050466,Marketing,13,1.1783796334918462
448,2025-08-07 14:42:25.543611,61a11729-3cb9-4350-9b4d-a0fe7bb38605,Cody Davidson,vmullen@example.com,50,48062.267141168566,Sales,28,1.1451504904540086
449,2025-10-22 14:42:25.543612,4bbe4aff-9326-4ffd-9be4-bf5192698698,Allen Mendez,victorclark@example.net,22,63414.102669643755,HR,3,2.102879412382209
450,2025-02-22 14:42:25.543613,059dd55d-4b94-4e30-b303-f438fe2110d0,Kevin Price,michael64@example.com,77,77881.30939582645,Marketing,15,2.1024493547157816
451,2025-10-02 14:42:25.543614,6553867d-a881-4fd3-947d-577bfa5a91ca,Christine Goodwin,ashleykrause@example.net,78,103924.12729626837,Finance,20,4.148506410406416
452,2025-03-02 14:42:25.543615,dd750e98-90e0-495f-8212-b554464458b4,Amy Garcia,lisale@example.org,65,125479.1218989069,HR,19,4.899338611124447
453,2025-12-16 14:42:25.543616,f93e08d5-bea2-4dfe-873f-6e1baf908e3c,Chelsea Nguyen,mchase@example.org,36,102031.30059095514,Finance,13,2.484828375559993
454,2025-08-09 14:42:25.543616,bec39a37-9b3d-44bd-a91e-314e0c8e29e3,Dennis Huffman,thomassmith@example.com,21,93622.22618890338,HR,26,2.7155475154441544
455,2025-04-26 14:42:25.543617,e726be23-e776-4886-9534-ee1d7f2984f5,Margaret Harper,otaylor@example.net,52,79869.48182516659,Sales,28,4.379157745144086
456,2025-07-13 14:42:25.543618,3ae909fe-cc82-48da-8696-f5e64944051b,Laurie Bailey,kristen44@example.net,66,132467.1960649972,Marketing,14,2.0725560803820535
457,2025-03-26 14:42:25.543619,3810ae66-5a31-44cc-8d4b-69a99b689c88,Lisa Cervantes,rosshannah@example.org,34,101684.36868028977,HR,27,1.6255272176137918
458,2025-11-19 14:42:25.543620,402913ec-9ef2-493e-b0ac-7d7ba2f963a3,Elizabeth Mendez,lisawoods@example.net,61,63278.58583825892,Engineering,2,4.412358493614602
459,2025-10-08 14:42:25.543621,c478f6f1-b88e-4318-816d-83edad81f8bd,Cesar Wilson,colematthew@example.com,45,70017.49825779993,Engineering,7,1.186002345760262
460,2025-11-15 14:42:25.543622,2303f6c6-d69d-42f1-ae4c-84ffa8c01f05,Clayton Steele,ann45@example.org,47,86461.69521535709,HR,15,3.478797760797663
461,2025-11-08 14:42:25.543623,a0a11839-e745-4704-98df-bc3ca0d4de3d,Jennifer Taylor,rmartinez@example.net,46,70612.79176152115,HR,9,3.247971389867227
462,2025-07-10 14:42:25.543624,c9e26074-4f16-49a0-8a17-991ea5769411,Cody Reid,barbarasantos@example.net,63,53026.75986239527,HR,3,2.383681790006777
463,2026-01-25 14:42:25.543624,5d678bb1-945e-42e4-888a-93ec70d9c9f8,Maria Cooke,tiffanymitchell@example.com,70,92562.82117519216,Engineering,29,2.260758084389436
464,2025-11-07 14:42:25.543625,e8dd5e5a-1712-4b16-a1a4-344fbb7bee03,Katherine Taylor,champton@example.org,23,84844.93459568004,Engineering,17,4.087430904726485
465,2025-08-20 14:42:25.543626,6a5e6920-bf5a-47e6-93a3-dd5a4b8c5bdc,Jerry Brown,daustin@example.net,52,50631.5045773247,HR,1,1.345698443050186
466,2025-07-11 14:42:25.543627,c958e75e-21d5-4971-b367-49b52cf6bf75,Adam Taylor,mirandadavidson@example.com,77,69743.08434645672,Finance,16,1.9471372372455416
467,2025-03-01 14:42:25.543628,5da8d6d2-f8b3-4a8b-a05f-b8bc8a16a06c,Tracey Wagner,kwelch@example.com,58,80128.60455383794,Finance,12,3.929794927352359
468,2025-10-02 14:42:25.543629,45c45a3e-e9da-484a-8075-9f1f87e5f0fe,Michael Perry PhD,millermatthew@example.com,54,59400.455651582895,Sales,3,3.193282334905697
469,2025-09-23 14:42:25.543630,e9ff1cae-41c8-4a8c-aa1f-955ad499da99,Bradley Johnson DDS,denise49@example.net,41,127579.85977165378,Marketing,25,1.5119528341343456
470,2025-11-17 14:42:25.543630,f7a67b94-7b5a-411a-b1b6-4afed31edf1a,Donald Medina,cnelson@example.com,46,42980.60383213976,Finance,24,4.528542457128241
471,2025-02-12 14:42:25.543631,ded255d0-bf1e-4366-8b8e-63d4ce7607ad,Jim Newton,lgutierrez@example.org,66,125330.13703844923,Engineering,29,2.573791386254366
472,2025-12-13 14:42:25.543632,77e490c7-1d7b-4313-8de2-2f1c56b60afc,Krista Wilson,jessicastanley@example.net,63,99921.70384995258,Finance,10,4.311473501288692
473,2025-07-26 14:42:25.543633,c1101266-2408-46dc-9346-d1a9f6802cdb,Reginald Morrow,clarkrandy@example.org,70,27532.195351837014,Sales,6,4.150852062110834
474,2026-01-18 14:42:25.543634,ad238d36-dc32-4c97-b9c1-e262f76c8ede,Rodney Williams,zunigathomas@example.org,48,69646.24811839302,Sales,11,3.497701785886912
475,2025-06-11 14:42:25.543635,65bcc272-fadd-4ea3-aca5-e2fdb966442a,Kimberly Fritz,wisealexandria@example.org,52,66071.18268008417,Marketing,9,2.977924525180372
476,2025-10-16 14:42:25.543636,8eac0a33-cdf9-44a7-9882-b5c1f79efd70,Ronald Potter,bakereric@example.net,77,40849.766105643575,Finance,6,4.918203361527027
477,2025-10-27 14:42:25.543636,6502d6a2-ca6a-4224-971e-16cc5da36f1b,Zachary Cole,pparker@example.net,50,62443.66624818249,Engineering,12,1.5798602895192682
478,2025-06-16 14:42:25.543637,1fa382e8-895c-4d99-83b3-8eb403902c5d,Robert Gonzales,scott22@example.net,69,46788.483090683425,Engineering,6,3.900622910204459
479,2025-08-11 14:42:25.543638,bfbf397b-ac3e-4b0d-9e5b-a13d746cdb77,Patricia Young PhD,anthonyalvarado@example.com,78,129545.40886847246,HR,23,1.764762805859156
480,2025-09-03 14:42:25.543639,618ae305-95a5-4afa-831d-029fac1e86d8,Heather Page,imcdonald@example.com,38,102713.56786294922,Engineering,16,2.3530524213293935
481,2025-10-13 14:42:25.543640,5f18e583-f0b6-483f-a377-f6f1d289f0ab,Carol Taylor,staylor@example.net,49,98931.10189988317,Marketing,9,2.234794973492781
482,2025-10-15 14:42:25.543641,78b2b549-3bdb-409e-acc2-16a01bbc91f7,Daniel Brown,brittanybryant@example.net,40,116433.4412808647,Marketing,28,4.7881439509548915
483,2026-01-25 14:42:25.543641,f1738856-e25d-46eb-9e9a-9f83066803ee,Douglas Ryan,omills@example.net,50,50918.96457565542,Engineering,9,4.869424711153101
484,2025-03-06 14:42:25.543642,9c2e58de-ea4e-4617-93f8-382b8fb864e4,Michael Roberts,regina78@example.org,20,84009.59467440454,Engineering,23,1.7320617769389086
485,2025-10-31 14:42:25.543643,a2a9d4d8-102e-4de5-a5cc-8bf738ab854c,Scott Duke,ramosmichael@example.com,35,74287.49122455835,HR,3,1.0881406411900167
486,2025-07-17 14:42:25.543644,b379cb1e-e8cd-40cc-b6da-3ca0d2e82f38,Anna Estes,kevinsmith@example.org,42,64057.44382216109,Engineering,19,3.8800321586524524
487,2025-08-22 14:42:25.543645,1dde7969-6886-43db-a634-8e784d5c55c7,Tamara Riddle,justin80@example.net,59,78759.96860344776,HR,3,2.6719597354819373
488,2025-09-17 14:42:25.543646,0986bbeb-f23e-423d-8b9b-d93423c86d30,Beth Cline,earroyo@example.com,48,86693.4920368373,HR,21,1.3553609803502575
489,2026-01-02 14:42:25.543646,1dba1267-7e1c-45a1-bef5-18a64dead645,Michael Poole,cannonlauren@example.net,71,61503.58384900805,Engineering,6,3.73501642230817
490,2025-09-17 14:42:25.543647,899ca782-e323-4d1a-bc1b-dacc18e19331,Megan Burns,laurakelley@example.org,75,105719.19936406983,Sales,21,3.1804221130427988
491,2025-08-11 14:42:25.543648,5efa9c5b-7421-4f46-a37e-4b0122bae10e,Debra Perry,bkhan@example.com,20,68885.2662297208,Sales,0,4.922067288004424
492,2025-03-15 14:42:25.543649,b24cc64f-be3e-4e57-b30a-9e32aba4fc03,Mark Beard,frankmclaughlin@example.com,57,69280.6766836184,HR,11,1.9096379834455157
493,2025-05-22 14:42:25.543650,965befdf-6b4b-4411-8a4a-0e2df22b5b98,Jose Ramirez,fwalker@example.com,63,117686.59606728496,Engineering,23,2.615911505306193
494,2025-07-17 14:42:25.543651,e2aa7a5d-278e-400d-ba02-66efbe055787,Jackie Clements,zacharymarsh@example.net,41,56378.73344800205,Sales,12,3.1701832135816916
495,2025-02-24 14:42:25.543652,d56ce8ea-1959-4b5a-a7a8-f6366a35df59,Aaron Schroeder,justin84@example.com,67,85818.71213888528,Engineering,9,4.166799953813406
496,2025-05-08 14:42:25.543652,f065c817-687a-4850-9d9b-62317d45d8ef,Monica Ellis,melissawhite@example.com,49,92862.02515936768,Engineering,14,3.195354626880235
497,2025-08-21 14:42:25.543653,b0b63bcf-0860-4833-879d-0cdaf396ea37,Heather Brown,walshchristine@example.com,64,92809.07121372019,Engineering,26,3.451600643447797
498,2026-01-23 14:42:25.543654,71d79665-7181-4dcf-b79e-fc6e5edb0d3c,Claudia Jordan,blopez@example.org,39,84522.66044484236,Finance,12,1.904588206359763
499,2025-12-09 14:42:25.543655,5cd8fe1a-dafe-48a9-bc71-e0bef3579560,Derrick Clayton,bookerandrew@example.org,40,67977.72847229394,Engineering,22,4.387674912354239
